"5181 Camino Al Norte Ste 100","","Greater Good Chiropractic & Wellness","North Las Vegas, NV 89031","","http://www.greatergoodchiro.com"
"4680 Se Ave","","Valera, Luis, DC","Las Vegas, NV 89119","",""
"6625 W Sahara Ave Ste 5","","Taylor Made Wellness Center","Las Vegas, NV 89146","",""
"4170 S Decatur Blvd","","Elbe Institude","Las Vegas, NV 89103","",""
"6625 W Sahara Ave","","Susan Barrett Inc.","Las Vegas, NV 89146","","http://susanbarrett.net"
"4270 S Decatur Blvd Ste A","AccreditedBusiness","Injury Medical Associates","Las Vegas, NV 89103","","https://www.injuryrehab.org"
"3430 E Tropicana Ave","","Fedorko Chiropractic Health Center","Las Vegas, NV 89121","","https://www.lvbackdoc.com"
"6600 W Charleston Blvd Ste 136","","Gerber Chiropractic","Las Vegas, NV 89146","","http://www.drsgerber.com"
"2725 S Jones Blvd Ste 105","","Dr. Nancy Fallon, DC","Las Vegas, NV 89146","","http://www.doctorfallon.com"
"5515 Camino Al Norte Ste 105","","The Joint Chiropractic","North Las Vegas, NV 89031","","https://www.thejoint.com/nevada/north-las-vegas/north-las-vegas-36016/?y_source=1_MTgxNTkyODEtNTUzLWxvY2F0aW9uLndlYnNpdGU%3D"
"2980 S Jones Blvd Ste F","","Canyon Lake Neck & Back Clinic","Las Vegas, NV 89146","","http://www.activereleasechiro.com"
"5700 Spring Mountain Rd","","Gentle Care Chiropractic","Las Vegas, NV 89146","","http://www.gentledoctors.com"
"4567 W Flamingo Rd","","Fine, Jeff, DC","Las Vegas, NV 89103","",""
"2725 S Jones Blvd Ste 105","","Fallon Chiropractic","Las Vegas, NV 89146","","http://doctorfallon.com"
"2980 S Jones Blvd Ste F","","Dr. Marvin Laurin, DC","Las Vegas, NV 89146","",""
"4567 W Flamingo Rd","","Sarah A Fulco, DC","Las Vegas, NV 89103","","http://finechiropractic.com"
"4270 S Decatur Blvd","","Salem II, James David, DC","Las Vegas, NV 89103","",""
"4925 W Craig Rd","","Dr. Gary N Becker, DC","Las Vegas, NV 89130","",""
"2980 S Jones Blvd","","Corey Cohen, DC","Las Vegas, NV 89146","",""
"3430 E Tropicana Ave","","Dr Bradley Hopper","Las Vegas, NV 89121","","http://lvbackdoc.com"
"2980 S Jones Blvd","","Savatgy, Kevin N, DC","Las Vegas, NV 89146","",""
"2980 S Jones Blvd Ste F","","Dr. Chris J Paulbick, DC","Las Vegas, NV 89146","",""
"2980 S Jones Blvd","","Olmstead, Matthew C, DC","Las Vegas, NV 89146","",""
"2980 S Jones Blvd","","Canyon Lake Chiropractic and Physical Therapy","Las Vegas, NV 89146","","https://canyonlakechiropracticandphysicaltherapy.com"
"3430 E Tropicana Ave Ste 59","","Family Wellness Chiropractic","Las Vegas, NV 89121","","http://www.lvbackdoc.com"
"4528 W Craig Rd Ste 190","","Yen Chiropractic LLC","North Las Vegas, NV 89032","","http://chiropractorlasvegas-yenchiropractic.com"
"4116 W Craig Rd","AccreditedBusiness","Advanced Chiropractic Specialists","North Las Vegas, NV 89032","","http://www.vegaschiro.net"
"3430 E Tropicana Ave","","Tropicana & Pecos","Las Vegas, NV 89121","","https://www.lvbackdoc.com"
"2815 S Jones Blvd","","Dr. Darren Sheldon, DC","Las Vegas, NV 89146","",""
"6085 W Twain Ave","","Chiropractic Physicians of Las Vegas","Las Vegas, NV 89103","","https://www.finechiropractic.com"
"101 S Rainbow Blvd","","Vu's Rainbow Chiropractic Center, Ltd.","Las Vegas, NV 89145","",""
"5650 W Flamingo Rd Ste A","","Dr. Daniel Melton Thompson, DC","Las Vegas, NV 89103","",""
"6837 W Charleston Blvd","","Rod DC Perry","Las Vegas, NV 89117","",""
"6260 Spring Mountain Rd","","Spring Mountain Pain Center","Las Vegas, NV 89146","",""
"1049 S Rainbow Blvd","","Nicola, Joseph R, DC","Las Vegas, NV 89145","","https://www.spinecenterlv.com"
"1045 S Rainbow Blvd","","Joseph R Nicola Prof Corp","Las Vegas, NV 89145","",""
"6837 W Charleston Blvd","","Michael A Flemming","Las Vegas, NV 89117","",""
"5650 W Flamingo Rd Ste A","","Dr. Kirk Ryan Nickum, DC","Las Vegas, NV 89103","",""
"5650 W Flamingo Rd Ste A","AccreditedBusiness","Weston Chiropractic","Las Vegas, NV 89103","","https://chiropractor-vegas.com"
"3900 N Rancho Dr","","Soudbakhsh, Mehran, DC","Las Vegas, NV 89130","",""
"6837 W Charleston Blvd","","Mills Chiropractic Center","Las Vegas, NV 89117","",""
"6260 Spring Mountain Rd Ste 105","","Dr. Phuong Nguyen, LPN","Las Vegas, NV 89146","",""
"6085 W Twain Ave","","Cruz, Francisco, DC","Las Vegas, NV 89103","",""
"6837 W Charleston Blvd","","Dr. Jeffrey G Hanks, DC","Las Vegas, NV 89117","",""
"5650 W Flamingo Rd Ste A","","Dr. Matthew G Roach, DC","Las Vegas, NV 89103","",""
"5650 W Flamingo Rd","","Decatur Chiropractic","Las Vegas, NV 89103","","http://www.healthgrades.com/health-professionals-directory/kirk-nickum-dc-ebca34b8"
"5642 S Eastern Ave Ste C","","Las Vegas Spine Injury Center","Las Vegas, NV 89119","","https://www.lv-spine.com"
"6837 W Charleston Blvd","","Dr. Gregory C Mills, DC","Las Vegas, NV 89117","",""
"138 S Rainbow Blvd","","Hagerty, Kevin D, DC","Las Vegas, NV 89145","",""
"6837 W Charleston Blvd","","Bieber, Kevin","Las Vegas, NV 89117","",""
"2630 Brockington Dr","","A Fleming Michael DC","Las Vegas, NV 89120","",""
"4925 W Craig Rd","","Decatur & Craig Chiropractic","Las Vegas, NV 89130","",""
"1049 S Rainbow Blvd","","Anthem Chiropractic -Las Vegas Chiropractor","Las Vegas, NV 89145","",""
"5650 W Flamingo Rd","","Kaldy, Kevin L, DC","Las Vegas, NV 89103","","http://www.chiropractor-vegas.com"
"6200 Spring Mountain Rd","","Richard A Owen DC","Las Vegas, NV 89146","",""
"3900 N Rancho Dr","","Vallejo, Jamie, DC","Las Vegas, NV 89130","",""
"4925 W Craig Rd","","Dr. Rick W. Hallgren, DC","Las Vegas, NV 89130","",""
"6300 Spring Mountain Rd Ste C","","Dr. Robert E. Braden, DC","Las Vegas, NV 89146","",""
"3900 N Rancho Dr Ste 107","","N.W. Chiropractic Clinic","Las Vegas, NV 89130","","http://www.chiropracticlv.com"
"6480 Spring Mountain Rd Ste 5","","Pain & Injury Clinic","Las Vegas, NV 89146","",""
"1928 Rock Springs Dr","","Younger Reflections","Las Vegas, NV 89128","","http://youngerreflectionsspa.com"
"2626 S Rainbow Blvd Ste 107AND","","Tyler Myrick","Las Vegas, NV 89146","",""
"3085 E Russell Rd","","Dr. Sarah Elizabeth Johnson, DC","Las Vegas, NV 89120","","http://www.spinewellnesscenter.com"
"3835 S Jones Blvd Ste 104","AccreditedBusiness","Las Vegas Pain Institute & Medical Center LLC","Las Vegas, NV 89103","","https://lasvegaspaininstitutes.com/las-vegas-medical-center"
"2625 S Rainbow Blvd","","C1 Chiropractic","Las Vegas, NV 89146","","https://www.c1chirocare.com"
"1928 Rock Springs Dr","","Centennial Wellness Center","Las Vegas, NV 89128","","https://www.centennialwellnesscenter.com/contact-us"
"2626 S Rainbow Blvd","","Spinal Rehabilitation Center","Las Vegas, NV 89146","","http://www.spinalrc.com"
"2625 S Rainbow Blvd Ste C102","","Kim M Borselli, DC","Las Vegas, NV 89146","","https://www.drborselli.net"
"6330 Spring Mountain Rd","","Spring Mountain Chiropractic Phy","Las Vegas, NV 89146","",""
"7201 W Lake Mead Blvd","","Liu, Daniel, DC","Las Vegas, NV 89128","",""
"2625 S Rainbow Blvd","","DC Ltd","Las Vegas, NV 89146","",""
"2300 N Rainbow Blvd # 122","","Dr. Teresa Jean Berry, DC","Las Vegas, NV 89108","",""
"2625 S Rainbow Blvd Ste C102","","Dr. Sean D Hampton, DC","Las Vegas, NV 89146","",""
"2625 S Rainbow Blvd Ste C102","","Hampton Chiropractic","Las Vegas, NV 89146","",""
"1928 Rock Springs Dr","","Gerber, Katharine E, DC","Las Vegas, NV 89128","",""
"5960 Losee Rd","","Durso Chiropractic","North Las Vegas, NV 89081","","https://www.dursochiropractic.com"
"1928 Rock Springs Dr","","Gerber Mobile Chiropractic","Las Vegas, NV 89128","","https://www.drsgerber.com"
"3085 E Russell Rd","","Lisa Strickland, D.C.","Las Vegas, NV 89120","","http://www.spinewellnesscenter.com"
"2625 S Rainbow Blvd Ste C102","","Las Vegas Valley Care","Las Vegas, NV 89146","",""
"2625 S Rainbow Blvd","","Francis L Raines, DC","Las Vegas, NV 89146","",""
"2625 S Rainbow Blvd Ste C102","","Rikki White, DC","Las Vegas, NV 89146","",""
"6420 Spring Mountain Rd Ste 18","","Jun Hong, DC","Las Vegas, NV 89146","",""
"6480 Spring Mountain Rd","","Buffalo Chiropractic","Las Vegas, NV 89146","",""
"6420 Spring Mountain Rd","","Buffalo Injury & Wellness Center","Las Vegas, NV 89146","",""
"3085 E Russell Rd Ste E","","Spine Wellness Center","Las Vegas, NV 89120","","https://www.spinewellnesscenter.com"
"5575 Simmons St Ste 12","","Mountain West Chiropractic Aliante","North Las Vegas, NV 89031","",""
"7175 W Lake Mead Blvd Ste 180","","The Joint Chiropractic","Las Vegas, NV 89128","","https://www.thejoint.com/nevada/las-vegas/rocksprings-plaza-36004?y_source=1_MzQyMDE4Ny01NTMtbG9jYXRpb24ud2Vic2l0ZQ%3D%3D"
"2626 S Rainbow Blvd","","Harbison, Michael S, DC","Las Vegas, NV 89146","",""
"2625 S Rainbow Blvd Ste D106","","Raines Chiropractic","Las Vegas, NV 89146","","http://www.citysearch.com/profile/664496944/las_vegas_nv/c1_chiropractic.html"
"3225 S Rainbow Blvd Ste 204","","Paradise Clinic","Las Vegas, NV 89146","","http://www.mdformedicalmarijuana.com"
"6800 W Cheyenne Ave","","Desert Pines Family Health Centers","Las Vegas, NV 89108","",""
"5960 Losee Rd","","Dickinson Chiropractic of Nevada","North Las Vegas, NV 89081","",""
"5960 Losee Rd","","Robinson, Marissa B, DC","North Las Vegas, NV 89081","",""
"2950 S Rainbow Blvd","","Desert Back & Neck Care","Las Vegas, NV 89146","","https://www.desertbackandneckcare.com"
"2647 Box Canyon Dr","","Dr. David C Ketchum, DC","Las Vegas, NV 89128","",""
"3820 W Ann Rd","","Gozdzikowski, Peter A, DC","North Las Vegas, NV 89031","",""
"3820 W Ann Rd Ste 130","","Kevin Hung, DC","North Las Vegas, NV 89031","",""
"2950 S Rainbow Blvd","","Wong, Terry, DC","Las Vegas, NV 89146","","http://desertbackandneckcare.com"
"7455 W Washington Ave Ste 140","","Wade, J S, DC","Las Vegas, NV 89128","",""
"7240 W Lake Mead Blvd","","Dudley Chiropractic","Las Vegas, NV 89128","",""
"5836 S Pecos Rd","","Keysar, Jeffrey S, DC","Las Vegas, NV 89120","",""
"7259 W Sahara Ave Ste 180","","Steven M. Rudack, DC, IFMCP Total Body Wellness","Las Vegas, NV 89117","","https://drsrudack.com"
"5795 S Sandhill Rd","","Stella Chiropractic Wellness Center","Las Vegas, NV 89120","","https://drdavidstella.com"
"3820 W Ann Rd Ste 130","","The Neck and Back Clinics – Aliante","North Las Vegas, NV 89031","","https://theneckandbackclinics.com/locations/aliante"
"2851 N Tenaya Way Ste 103","","Dr. Sean S Dunleavy, DC","Las Vegas, NV 89128","","https://nevadarehabcenters.com"
"7219 W Sahara Ave Ste 140","","Living Well Chiropractic","Las Vegas, NV 89117","","https://www.facebook.com/LivingWellChiropracticCenterLasVegas"
"2851 N Tenaya Way","","Gerber Chiropractic","Las Vegas, NV 89128","",""
"2829 S Rainbow Blvd","","Hernandez Chiropractic","Las Vegas, NV 89146","","https://www.hernandezchirolv.com"
"2851 N Tenaya Way Ste 205","","Nevada Rehabilitation Centers - Northwest Summerlin","Las Vegas, NV 89128","",""
"3531 E Russell Rd","","Joe Cozza DC Chiropractic","Las Vegas, NV 89120","",""
"3146 N Rainbow Blvd","","Advanced Neck & Back Care","Las Vegas, NV 89108","",""
"2851 N Tenaya Way Ste 103","","Dr. Ian K Yamane, DC","Las Vegas, NV 89128","","https://nevadarehabcenters.com"
"4155 N Rancho Dr","","Bradley DR Joseph J","Las Vegas, NV 89130","",""
"2829 S Rainbow Blvd","","Alexander Hernandez, DC","Las Vegas, NV 89146","",""
"3124 S Rainbow Blvd","","Mills Chiropractic","Las Vegas, NV 89146","",""
"3311 S Rainbow Blvd","","The Stretch Doc","Las Vegas, NV 89146","","https://thestretchdoc.com/contact"
"2975 S Rainbow Blvd","","Bradley, Joseph J","Las Vegas, NV 89146","","http://www.solutions-recovery.com"
"5795 S Sandhill Rd","","David A Stella DC PC","Las Vegas, NV 89120","","https://drdavidstella.com"
"2931 N Tenaya Way","","Terry Akers DC","Las Vegas, NV 89128","",""
"2670 Crimson Canyon Dr Ste 150","","Dr. Roger M. Penna, DC","Las Vegas, NV 89128","",""
"241 N Buffalo Dr Ste 100","","Logan Smith, DC","Las Vegas, NV 89145","",""
"7473 W Lake Mead Blvd","","Chiropractic Kinesiology","Las Vegas, NV 89128","","https://drtimothyfrancis.com/about-dr-tim"
"7380 W Sahara Ave Ste 100","","The Spine Center","Las Vegas, NV 89117","","https://www.spinecenterlv.com"
"7380 W Sahara Ave Ste 100","","Sidney Noel Carter, DC","Las Vegas, NV 89117","",""
"5545 Mountain Vista St","","Complete Neck & Back Care","Las Vegas, NV 89120","",""
"241 N Buffalo Dr","","Advanced Spine & Rehabilitation","Las Vegas, NV 89145","","https://www.advancedspinenv.com/west-las-vegas"
"4325 N Rancho Dr","","Soudbakhsh Mehran","Las Vegas, NV 89130","","https://www.chiropracticlv.com"
"7501 W Lake Mead Blvd Ste 114","","Holistic Synergy, Inc.","Las Vegas, NV 89128","",""
"911 N Buffalo Dr","","Spinal Rehabilitation Center","Las Vegas, NV 89128","","https://www.spinalrc.com"
"6330 S Eastern Ave Ste 8","","Michael Anthony Fleming, DC","Las Vegas, NV 89119","",""
"7250 Peak Dr","","Dr Buda","Las Vegas, NV 89128","","https://www.centennialwellnesscenter.com/meet-the-doctor"
"2931 N Tenaya Way Ste 106","","Akers Chiropractic","Las Vegas, NV 89128","","http://www.dr-akers.com"
"7390 W Sahara Ave Ste 240","","Family Care Chiropractic","Las Vegas, NV 89117","",""
"7250 Peak Dr Ste 106","","Chiropractic Healing Center","Las Vegas, NV 89128","","http://www.chirohealing.com"
"7380 W Sahara Ave","","Complete Injury Management","Las Vegas, NV 89117","","http://www.cimlasvegas.com"
"7398 Smoke Ranch Rd Ste 230","","Dr. John Thomas Kenny, DC","Las Vegas, NV 89128","",""
"2921 N Tenaya Way","","Dr. Robert Edward Heron, DC","Las Vegas, NV 89128","",""
"7473 W Lake Mead Blvd","","Timothy Duanne Francis DR","Las Vegas, NV 89128","",""
"5545 Mountain Vista St","","Matt Simpson Chiropractic","Las Vegas, NV 89120","",""
"7488 W Sahara Ave","","Dr. Kevin P. Colan, DC","Las Vegas, NV 89117","","https://www.acatoday.org"
"2670 Crimson Canyon Dr","","Crimson Canyon Chiropractic","Las Vegas, NV 89128","",""
"241 N Buffalo Dr","","Blanchard, A Deloy, DC","Las Vegas, NV 89145","","http://advancedspinenv.com"
"7250 Peak Dr","","Buda, Danielle M, DC","Las Vegas, NV 89128","",""
"241 N Buffalo Dr Ste 100","","Jacob Wayne Fisk, DC","Las Vegas, NV 89145","",""
"1301 Crystal Mountain Dr","","Colan, Kevin P, DC","Las Vegas, NV 89117","",""
"7380 W Sahara Ave Ste 100","","Jaime Star Diorio, DC","Las Vegas, NV 89117","",""
"241 N Buffalo Dr","","Riggin, Parker B, DC","Las Vegas, NV 89145","",""
"7250 Peak Dr Ste 106","","Dr. Cheree Sandness Johnson, DC","Las Vegas, NV 89128","",""
"7945 W Sahara Ave Ste 206","","A Touch Above Chiropractic","Las Vegas, NV 89117","","https://www.atouchabovechiropractic.com"
"7758 W Sahara Ave","","Dr. Katrin Kaleta, DC","Las Vegas, NV 89117","",""
"7720 W Sahara Ave Ste 104","","Dr. Lisa Bennett, DC","Las Vegas, NV 89117","",""
"7500 W Sahara Ave","","Green, Paul","Las Vegas, NV 89117","",""
"7955 W Sahara Ave","","Lam, Andy J, DC","Las Vegas, NV 89117","","http://meridianwellnesslv.com"
"3662 E Sunset Rd Ste 110","","The Neck and Back Clinics – Green Valley Sunset","Las Vegas, NV 89120","","https://theneckandbackclinics.com/locations/green-valley-sunset"
"4126 S Rainbow Blvd","","Gettinger Chiropractic","Las Vegas, NV 89103","","https://gettingerchiropractic.com/service-areas/chiropractor-north-las-vegas-nv"
"3663 E Sunset Rd Ste 503","","Advantage Health Care","Las Vegas, NV 89120","",""
"2900 N Green Valley Pkwy","","Nevada Rehabilitation Centers","Henderson, NV 89014","",""
"6841 S Eastern Ave","","Holistic Chiropractic","Las Vegas, NV 89119","",""
"7500 W Sahara Ave","","Greenawalt Chiropractic","Las Vegas, NV 89117","","https://greenawaltchirolv.com"
"7730 W Sahara Ave Ste 109","","Back In Balance Chiropractic","Las Vegas, NV 89117","","http://www.biblv.com"
"4700 Las Vegas Blvd N","","Bacote, Kyrah L","Las Vegas, NV 89191","",""
"3662 E Sunset Rd","","Cory, E H, DC","Las Vegas, NV 89120","",""
"2900 N Green Valley Pkwy Ste 114","","Dr. James Lee Dudley, DC","Henderson, NV 89014","",""
"6841 S Eastern Ave","","Vegas Valley Pain Center","Las Vegas, NV 89119","",""
"7450 W Cheyenne Ave Ste 114","","Mac Kay Chiropractic","Las Vegas, NV 89129","","http://www.mackaychiro.com"
"6392 Mcleod Dr","","A P Chiropractic","Las Vegas, NV 89120","",""
"6150 N. Decatur Blvd. Ste. 101","","NuSpine Chiropractic","North Las Vegas, NV 89031","","https://www.nuspine.com/locations/nevada/las-vegas/chiropractor-89031"
"4815 West Russell Rd #6F","","Pain & Injury Chiropractic Center","Las Vegas, NV 89118","","http://www.drartrossi.com"
"6841 S Eastern Ave Ste 100","","Campbell Wellness Center","Las Vegas, NV 89119","",""
"1171 S Buffalo Dr","","Vitality Family Chiropractic","Las Vegas, NV 89117","","https://www.chirovitalitylv.com"
"6392 Mcleod Dr Ste 4","","Alejandro Portuondo, DC","Las Vegas, NV 89120","",""
"4580 N Rancho Dr","","Quest Chiropractic","Las Vegas, NV 89130","","https://uniregistry.com/market/domain/questchiropractic.com"
"6462 Losee Rd Ste 125","","Laura Lane, DC","North Las Vegas, NV 89086","",""
"7670 W Sahara Ave","","Kaldy Kevin","Las Vegas, NV 89117","","http://www.lasvegaschiro.com"
"7997 W Sahara Ave Ste 102","","Meridian Wellness","Las Vegas, NV 89117","","http://www.meridianwellnesslv.com"
"7500 W Sahara Ave","","Paige, J M, DC","Las Vegas, NV 89117","",""
"2410 Fire Mesa St","","McKittrick, John M, DC","Las Vegas, NV 89128","","http://med.unr.edu"
"7758 W Sahara Ave","","Injury Care Chiropractic","Las Vegas, NV 89117","",""
"3785 E Sunset Rd Ste 10","","Dr. John R Ormand, DC","Las Vegas, NV 89120","",""
"8170 W Sahara Ave","","Canyon Lake Neck & Back Clinic","Las Vegas, NV 89117","",""
"3785 E Sunset Rd Ste 10","","Chiropractic Sports Injury Center of Green Valley","Las Vegas, NV 89120","",""
"6900 N Pecos Rd","","Boetcher, Kelsey L, DC","North Las Vegas, NV 89086","",""
"6819 W Tropicana Ave Ste 100","","Douglas Brady, DC","Las Vegas, NV 89103","",""
"6819 W Tropicana Ave Ste 100","","Tropicana West Chiropractic","Las Vegas, NV 89103","",""
"6900 N Pecos Rd","","Arnold C. Jovillar, DC","North Las Vegas, NV 89086","",""
"4019 E Sunset Rd","","Sunrise Chiropractic","Henderson, NV 89014","",""
"1081 S Cimarron Rd Ste B3","","Michelle M Binkowski, DC","Las Vegas, NV 89145","",""
"2575 S Cimarron Rd Ste 200","","Maria A Giacalone Chiropractic","Las Vegas, NV 89117","",""
"2595 S Cimarron Rd","","Jim Salem, DC","Las Vegas, NV 89117","",""
"4019 E Sunset Rd","","ATAX - Henderson, NV","Henderson, NV 89014","","https://www.atax.com"
"3430 N Buffalo Dr # 110","","The Neck and Back Clinics – Northwest","Las Vegas, NV 89129","","https://theneckandbackclinics.com/locations/northwest-las-vegas"
"2620 Regatta Dr Ste 102","","Jacob Almanrode, DC","Las Vegas, NV 89128","",""
"6900 N Pecos Rd","","Jonathan James Danner, DC","North Las Vegas, NV 89086","",""
"6819 W Tropicana Ave","","Bouwhuis, Brandon, DC","Las Vegas, NV 89103","",""
"6900 N Pecos Rd","","Wright, Richard S, DC","North Las Vegas, NV 89086","",""
"2891 N Green Valley Pkwy","","Chiropractic Insurance Accepted","Henderson, NV 89014","",""
"4019 E Sunset Rd","","Dr. Douglas Ronald Kuehl, DC","Henderson, NV 89014","",""
"8084 W Sahara Ave","","Shaw Stephen DC PC","Las Vegas, NV 89117","","https://www.nvpainrelief.com/back-pain"
"2595 S Cimarron Rd","","Earle Chiropractic","Las Vegas, NV 89117","",""
"2620 Regatta Dr","","Vicencio, Anne M, DC","Las Vegas, NV 89128","",""
"6859 S Eastern Ave","","Fleming, Pamela H, MD","Las Vegas, NV 89119","",""
"6767 W Tropicana Ave","","Hazziez, Rabiyyah H, DC","Las Vegas, NV 89103","",""
"3430 N Buffalo Dr Ste 110","","Benjamin Scott Lurie, DC, CCST","Las Vegas, NV 89129","","https://www.theneckandbackclinics.com/locations/northwest-las-vegas"
"6819 W Tropicana Ave","","Associated Chiropractors","Las Vegas, NV 89103","",""
"3430 N Buffalo Dr # 110","","Dr. David Wach, DC","Las Vegas, NV 89129","",""
"6171 N Decatur Blvd Ste 150","","The Joint Chiropractic","Las Vegas, NV 89130","","https://www.thejoint.com/nevada/las-vegas/north-decatur-215-36011?y_source=1_NDE3MjgxNS01NTMtbG9jYXRpb24ud2Vic2l0ZQ%3D%3D"
"3430 N Buffalo Dr","","Michael Barney DC","Las Vegas, NV 89129","",""
"6819 W Tropicana Ave","","Noel Senecal DC","Las Vegas, NV 89103","",""
"6592 N Decatur Blvd Ste 115","","Jason O Jaeger, DC","Las Vegas, NV 89131","","https://myvegaschiropractic.com"
"2720 N Green Valley Pkwy","","Roles Craig","Henderson, NV 89014","",""
"2551 N Green Valley Pkwy","","The Chiropractic/Sports Injury Center of Green Valley","Henderson, NV 89014","",""
"5693 S Jones Blvd","","L & K Chiropractic","Las Vegas, NV 89118","",""
"6945 Aliante Pkwy","","Fisk, Jacob Wayne, DC","North Las Vegas, NV 89084","",""
"6945 Aliante Pkwy","","Align Chiropractic","North Las Vegas, NV 89084","",""
"7291 S Eastern Ave","","Moehrle Chiropractic Clinic","Las Vegas, NV 89119","","http://www.vegaschiro.net"
"2720 N Green Valley Pkwy","","Green Valley Chiropractic and Wellness Center","Henderson, NV 89014","",""
"6592 N Decatur Blvd Ste 115","","Robert Raymond Moore, DC","Las Vegas, NV 89131","",""
"8350 W Sahara Ave","","Holistic Synergy","Las Vegas, NV 89117","","https://drtinochiropractic.com/about-1"
"2590 Nature Park Dr Ste 135","","Allison Paige Mcmaster, DC","North Las Vegas, NV 89084","",""
"6900 N Pecos Rd","","Mack, Denny J, DO","North Las Vegas, NV 89086","",""
"6592 N Decatur Blvd","","Golan, David R, DC","Las Vegas, NV 89131","","http://alianteipm.com"
"7291 S Eastern Ave Ste B","","Dr. Mark Steven Rookhuyzen, DC","Las Vegas, NV 89119","",""
"6592 N Decatur Blvd Ste 115","","Aliante Chiropractic","Las Vegas, NV 89131","",""
"6592 N Decatur Blvd Ste 115","","Dr. Joseph Cozza, DC","Las Vegas, NV 89131","",""
"6485 N Decatur Blvd Ste 130","","Anderson Chiropractic","Las Vegas, NV 89131","",""
"7395 S Pecos Rd Suite 101","","Advanced Chiropractic & Holistic Wellness Center","Las Vegas, NV 89120","","http://www.greenvalleychiropractor.com"
"2590 Nature Park Dr Ste 135","","Brennan Attales, DC","North Las Vegas, NV 89084","",""
"6592 N Decatur Blvd","","Advanced Spine & Posture","Las Vegas, NV 89131","","https://advancedspineandposture.com/locations/north-las-vegas-nevada"
"6975 Aliante Pkwy","","Chiropractic Back Pain Cure","North Las Vegas, NV 89084","",""
"4001 S Buffalo Dr","","Just Adjust Chiropractic","Las Vegas, NV 89147","",""
"2590 Nature Park Dr","","Patterson, Bennett W, DC","North Las Vegas, NV 89084","",""
"8440 W Lake Mead Blvd Ste 101","","Grimes Family Chiropractic","Las Vegas, NV 89128","","http://www.grimeschiro.com"
"6592 N Decatur Blvd Ste 115","","Alexandar Joshua Peters, DC","Las Vegas, NV 89131","",""
"3320 Winding River Ct","","PRP Therapy Centers","Las Vegas, NV 89129","",""
"2590 Nature Park Dr Ste 135","AccreditedBusiness","Active Life Health and Wellness","North Las Vegas, NV 89084","",""
"6592 N Decatur Blvd Ste 115","","Aliante Integrated Physical Medicine","Las Vegas, NV 89131","","http://www.alianteintegratedphysicalmedicine.com"
"2590 Nature Park Dr","","Darrow, Shannon B, DC","North Las Vegas, NV 89084","",""
"2590 Nature Park Dr","","Anderson, Matthew B","North Las Vegas, NV 89084","",""
"1999 W Sunset Rd Ste 4","","Antranig V. Jerian, DC","Henderson, NV 89014","","http://jerianchiropractic.com"
"5775 S Rainbow Blvd","","Wachs, Corey A, DC","Las Vegas, NV 89118","",""
"8515 Edna Ave","","Medical Chiropractic Hospital","Las Vegas, NV 89117","",""
"7355 Bermuda Island St","","Dr. John Fitzgerald, DC","Las Vegas, NV 89123","",""
"3046 S Durango Dr","","Life Align Chiropractic","Las Vegas, NV 89117","",""
"5755 S Rainbow Blvd Ste 101","","Summit Pain Clinic","Las Vegas, NV 89118","",""
"7380 S Eastern Ave Ste 125","","Dr. Kerri A Galvin, DC","Las Vegas, NV 89123","",""
"2275 N Green Valley Pkwy","","Southern Nevada Chiropractic Car Accident Treatment Centers","Henderson, NV 89014","","http://www.lasvegascaraccidenttreatment.com"
"321 N Pecos Rd Ste 200","","Advanced Spine & Posture","Henderson, NV 89074","","https://advancedspineandposture.com/locations/henderson-nevada"
"1999 W. Sunset Rd. STE 4","","Jerian Chiropractic","Henderson, NV 89014","","https://www.jerianchiropractic.com"
"7035 W Ann Rd","","Polatis Chiropractic","Las Vegas, NV 89130","",""
"2275 N Green Valley Pkwy","","Melissa Hobaica, DC","Henderson, NV 89014","",""
"5875 S Rainbow Blvd Ste 206","","Vegas Hot Yoga and Pilates","Las Vegas, NV 89118","","http://www.vegashot.com"
"8691 W Sahara Ave","","Living Well Chiropractic","Las Vegas, NV 89117","","https://www.lwchiropractic.com"
"410 S Rampart Blvd Ste 340","","Joshua Lawrence Sharpe, DC","Las Vegas, NV 89145","",""
"3585 S Durango Dr Ste 103","","Earle Chiropractic","Las Vegas, NV 89147","",""
"7065 W Ann Rd","","Chiropractic FQHC Solutions","Las Vegas, NV 89130","","https://www.chirofqhc.com/contact-us-1.html"
"7380 S Eastern Ave","","Galvin Chiropractic","Las Vegas, NV 89123","","http://www.galvinchiropractic.com"
"8576 W Lake Mead Blvd","","Dr. Matthew K. Mortensen, DC","Las Vegas, NV 89128","","http://lakemeadchiropractic.org"
"8515 Edna Ave","","Community Paincares","Las Vegas, NV 89117","",""
"7035 W Ann Rd Ste 160","","Advanced Spine & Wellness","Las Vegas, NV 89130","",""
"7035 W Ann Rd Ste 160","","Shannon Beth Darrow, DC","Las Vegas, NV 89130","",""
"3227 E Warm Springs Rd","","Cohen Chiropractic","Las Vegas, NV 89120","","http://www.cohenchiropractic.com"
"8685 W Sahara Ave Ste 180","","Steven M Rudack, DC, IFMCP","Las Vegas, NV 89117","","https://drsrudack.com"
"2329 Richard Dr","","Chase, Robert, DC","Henderson, NV 89014","",""
"6592 N Decatur Blvd Ste 115","","James Stanley Purvis III, DC","Las Vegas, NV 89131","",""
"8975 W Charleston Blvd","","Jsf Massage Therapy","Las Vegas, NV 89117","",""
"7035 W Ann Rd","","Spime Up","Las Vegas, NV 89130","","https://myvegaschiropractic.com"
"5875 S Rainbow Blvd Ste 100","","Wise Chiropractic Inc","Las Vegas, NV 89118","","http://www.wisechiropractor.com"
"8576 W Lake Mead Blvd","","Lake Mead Chiropractic","Las Vegas, NV 89128","","http://www.lakemeadchiropractic.com"
"321 N Pecos Rd Ste 200","","Dr. Travis Norman Sargent, DC","Henderson, NV 89074","",""
"1215 S Fort Apache Rd Ste 140","","Spanish Oaks Chiropractic","Las Vegas, NV 89117","",""
"321 N Pecos Rd Ste 200","","Jennifer Keys, DC","Henderson, NV 89074","",""
"8678 Spring Mountain Rd","","Timothy Allen","Las Vegas, NV 89117","",""
"321 N Pecos Rd","","Mountain West Chiropractic","Henderson, NV 89074","",""
"8678 Spring Mountain Rd","","Poulsen, Richard H, DC","Las Vegas, NV 89117","",""
"8678 Spring Mountain Rd","","Crawford, Heath O, DC","Las Vegas, NV 89117","",""
"8678 Spring Mountain Rd Ste 130","","Bryan Sims I, DC","Las Vegas, NV 89117","",""
"8678 Spring Mountain Rd","","Cox, Jason, DC","Las Vegas, NV 89117","",""
"8678 Spring Mountain Rd","","Darren Smith, DC","Las Vegas, NV 89117","",""
"8821 W Sahara Ave Ste 120","","Dr. James R Hidalgo, DC","Las Vegas, NV 89117","",""
"6823 Ponderosa Way","","Valley Chiropractic","Las Vegas, NV 89118","","https://www.valleychiropractic.net"
"1215 S Fort Apache Rd Ste 140","","Dr. James J Lefever, DC","Las Vegas, NV 89117","",""
"8678 Spring Mountain Rd Ste 130","","Adam Gunn, DC","Las Vegas, NV 89117","",""
"8678 Spring Mountain Rd","","NBC Operations","Las Vegas, NV 89117","","https://theneckandbackclinics.com"
"5601 N Tenaya Way","","Spinal Rehabilitation Center","Las Vegas, NV 89130","","https://www.spinalrc.com/contact"
"8821W W Sahara Ave","","Hidalgo Chiropractic","Las Vegas, NV 89117","",""
"8678 Spring Mountain Rd","","Dr. Jacob Steckel, DC","Las Vegas, NV 89117","",""
"8821 W Sahara Ave Ste 120","","The Chiropractic Center of Las Vegas","Las Vegas, NV 89117","",""
"8678 Spring Mountain Rd","","Owens Jr, Robert B, DC","Las Vegas, NV 89117","",""
"1397 Galleria Dr Ste 200","","Fine Back Center","Henderson, NV 89014","","http://www.finechiropractic.com"
"8678 Spring Mountain Rd Ste 130","","David W. Bang, DC","Las Vegas, NV 89117","",""
"8678 Spring Mountain Rd Ste 130","","The Neck and Back Clinics – Southwest","Las Vegas, NV 89117","","https://theneckandbackclinics.com"
"8678 Spring Mountain Rd","","Medina, Roberto J, DC","Las Vegas, NV 89117","",""
"8678 Spring Mountain Rd Ste 130","","Brianna Mcnall, DC","Las Vegas, NV 89117","",""
"1215 S Fort Apache Rd Ste 140","","Dr. Heidi Shelton, DC","Las Vegas, NV 89117","",""
"8821 W Sahara Ave Ste 120","","Stacy Bone-rapp DC","Las Vegas, NV 89117","",""
"8678 Spring Mountain Rd","","Gladstone, Renee, DC","Las Vegas, NV 89117","",""
"321 N Pecos Rd","","Bahoora Kenneth D.C.","Henderson, NV 89074","",""
"1215 S Fort Apache Rd Ste 140","","Steve M Rudack DC","Las Vegas, NV 89117","",""
"2352 E Bonanza Rd","AccreditedBusiness","Vida Chiropractic Injury Clinic and Wellness Center","Las Vegas, NV 89101","","https://vidavegaschiro.com/contact"
"1204 S Eastern Ave","","Essential Chiropractic","Las Vegas, NV 89104","",""
"1504 S Eastern Ave","","Pacific Care Chiropractic","Las Vegas, NV 89104","","http://www.backcarechiro.com"
"1605 S Maryland Pkwy","","Dr. Gary M Cheney, DC","Las Vegas, NV 89104","","http://drlong4u.com"
"2040 Peyton Dr","","Khurana Neel","Las Vegas, NV 89104","",""
"825 S 7th St","","The Neck and Back Clinics","Las Vegas, NV 89101","","http://theneckandbackclinics.com"
"1330 S Eastern Ave","","Bellinghausen, Alex","Las Vegas, NV 89104","",""
"1204 S Eastern Ave","","Francis Chiropractic","Las Vegas, NV 89104","",""
"1229 S Eastern Ave","","Gettinger Chiropractic","Las Vegas, NV 89104","","http://gettingerchiropractic.com"
"1700 Wellness Way","","Dr. Kevin Daniel Hagerty, DC","Las Vegas, NV 89106","",""
"1605 S Maryland Pkwy","","Sahara Health Care","Las Vegas, NV 89104","","http://www.drlong4u.com"
"825 S 7th St","","Callaway, Donna, Dc - Downtown Neck and Back Clinic","Las Vegas, NV 89101","",""
"1700 Wellness Way","","Pragmatic Chiropractic","Las Vegas, NV 89106","",""
"730 N Eastern Ave","","Dr. Elroy Francis, DC","Las Vegas, NV 89101","",""
"2101 E Lake Mead Blvd","","Chiropractic Specialties North","North Las Vegas, NV 89030","",""
"1600 S Maryland Pkwy","","Chiromed Lv","Las Vegas, NV 89104","",""
"1231 E Charleston Blvd","","Advanced Chiropractic","Las Vegas, NV 89104","",""
"235 N Eastern Ave Ste 119","","Glaee G Valencia-Lopez, DC","Las Vegas, NV 89101","",""
"1231 E Charleston Blvd","","Dr. David Franklin Dye, DC","Las Vegas, NV 89104","",""
"1414 S Eastern Ave","","Las Vegas Valley Chiropractic","Las Vegas, NV 89104","","http://www.vegasvalleychiro.com"
"230 Las Vegas Blvd S","","Chiropractic Back Pain Cure","Las Vegas, NV 89101","",""
"8525 S Eastern Ave, Las Vegas, NV 89123","","Art Of Chiropractic","","(702) 608-0755",""
"825 S 7th St","","Fair, Stephen, DC","Las Vegas, NV 89101","",""
"1012 E Charleston Blvd","","Randall Chiropractic & Rehab","Las Vegas, NV 89104","",""
"1601 E Charleston Blvd","","Dr. Joshua David Flushman, DC","Las Vegas, NV 89104","",""
"826 E Charleston Blvd","","A & M Chiropractic Wellness Center","Las Vegas, NV 89104","",""
"825 S 7th St","","American Spine & Sports Rehab","Las Vegas, NV 89101","","https://spokenenglishtips.com"
"6212 W Charleston Blvd, Las Vegas, NV 89146","","Chiropractic West Charleston Family Health Center","","(702) 637-1146",""
"235 N Eastern Ave","","Valencia Sports & Family Chiropractic","Las Vegas, NV 89101","",""
"10 N Eastern Ave","","Chiropractic Treatment","Las Vegas, NV 89101","",""
"2101 E Lake Mead Blvd","","Clark, John H, DC","North Las Vegas, NV 89030","",""
"500 E Windmill Ln","","Owen, Rick, DC","Las Vegas, NV 89123","","http://qualitychiropracticlv.com"
"8710 W Flamingo Rd","","Flamiingo Pines","Las Vegas, NV 89147","",""
"6332 S Rainbow Blvd","","Wise Chiropractic","Las Vegas, NV 89118","","https://wisechiropractor.com/contact"
"8960 W Cheyenne Ave Unit 110","AccreditedBusiness","Las Vegas Chiropractic Associates","Las Vegas, NV 89129","","http://www.lvca-associates.com"
"8665 W Flamingo Rd Ste 109","","Sean T Ripp, Other","Las Vegas, NV 89147","",""
"9034 W Sahara Ave","","Ianacone, Ray, DC","Las Vegas, NV 89117","","http://mountainwestchiropractic.com"
"8960 W Cheyenne Ave Unit 110","","Wallace, Scott M","Las Vegas, NV 89129","",""
"500 E Windmill Ln","","Quality Chiropractic & Injury Rehab","Las Vegas, NV 89123","",""
"601 Whitney Ranch Dr","","Godfrey, Thomas, DC","Henderson, NV 89014","",""
"7317 Dazzle Point St","","Nicolaus, Daniel, DC","North Las Vegas, NV 89084","",""
"8960 W Cheyenne Ave Unit 110","","Active Nevada Chiropractic & Wellness","Las Vegas, NV 89129","",""
"715 Mall Ring Cir Ste 100","","Darren Smith, DC","Henderson, NV 89014","",""
"601 Whitney Ranch Dr","","Synergy Chiropractics","Henderson, NV 89014","",""
"715 Mall Ring Cir","","Chiropractic Physicians","Henderson, NV 89014","","http://neckandback.net"
"3935 S Durango Dr","","Complete Care 3.0","Las Vegas, NV 89147","","http://completecare3.com"
"9034 W Sahara Ave","","Mountain West Chiropractic - Dr. Albert G. Simoncelli","Las Vegas, NV 89117","","http://www.mountainwestchiropractic.com"
"715 Mall Ring Cir Ste 205","","Advanced Spine & Rehabilitation","Henderson, NV 89014","","http://www.advancedspinenv.com"
"9034 W Sahara Ave","","Eric Sabol DC","Las Vegas, NV 89117","",""
"9034 W Sahara Ave","","Mark L Rubin, DC","Las Vegas, NV 89117","",""
"715 Mall Ring Cir Ste 100","","Grant Douglas Peters, DC","Henderson, NV 89014","",""
"715 Mall Ring Cir Ste 205","","Dr. Alexander S Janda, DC","Henderson, NV 89014","","http://www.advancedspinenv.com"
"8960 W Cheyenne Ave Unit 110","","Dr. Rhett K Beaman, DC","Las Vegas, NV 89129","","http://www.activenevadachiropractic.com"
"2381 E Windmill Ln Ste 6","","Eric Glenn Easton, DC","Las Vegas, NV 89123","",""
"1389 Galleria Dr","","Stoval & Associates","Henderson, NV 89014","",""
"8960 W Cheyenne Ave","","Bertuccini, John","Las Vegas, NV 89129","",""
"500 E Windmill Ln","","Owen Mobile Chiropractic","Las Vegas, NV 89123","",""
"715 Mall Ring Cir Ste 205","","Troy D Russell, DC","Henderson, NV 89014","","http://www.advancedspinenv.com"
"715 Mall Ring Cir","","Harris, Aaron L, DC","Henderson, NV 89014","",""
"8960 W Cheyenne Ave Unit 110","","Beaman Chiropractic","Las Vegas, NV 89129","",""
"6141 S Rainbow Blvd Ste 115","","John G Florendo, DC","Las Vegas, NV 89118","",""
"7821 Painted Sunset Dr","","DR Paul Smith","Las Vegas, NV 89149","",""
"1489 W Warm Springs Rd Ste 125","","Brian Lee Day, DC","Henderson, NV 89014","",""
"8050 Dean Martin Dr","","Dr. Gerard G Bozman, DC","Las Vegas, NV 89139","",""
"1930 Village Center Cir","","Spinal Care of Nevada","Las Vegas, NV 89134","","https://www.drdevin.com"
"1925 Village Center Cir","","Allen, Timothy","Las Vegas, NV 89134","",""
"1489 W Warm Springs Rd Ste 125","","Chandler Medina","Henderson, NV 89014","",""
"1315 Fox Acres Dr","","Vacation Chiropractic","Las Vegas, NV 89134","",""
"8993 W Flamingo Rd","","Nauen Chiropractic Health Center","Las Vegas, NV 89147","","https://naeunvegas.com/contact"
"5785 Centennial Center Blvd","","Grimes, John, DC","Las Vegas, NV 89149","","http://grimeschiro.com"
"1930 Village Center Cir","","Kuzmic, Shattuck, DC","Las Vegas, NV 89134","",""
"2085 Village Center Cir Ste 110","","Dr. Margaret R. Colucci, DC","Las Vegas, NV 89134","","http://redrockchiropractic.com"
"1311 W Sunset Rd Ste 105","","The Joint Chiropractic","Henderson, NV 89014","","https://www.thejoint.com/nevada/henderson/henderson-sunset-36006?y_source=1_Mzk3OTU3Ny01NTMtbG9jYXRpb24ud2Vic2l0ZQ%3D%3D"
"5785 Centennial Center Blvd Ste 140","","Grimes Family Chiropractic","Las Vegas, NV 89149","","http://www.grimeschiro.com"
"8871 W Flamingo Rd","","Dr. Donald A Ozello, DC","Las Vegas, NV 89147","","http://www.championshipchiropractic.com"
"4955 S Durango Dr Ste 106","","Campbell Chiropractic Wellness Center","Las Vegas, NV 89113","",""
"2311 Tilden Way","","Garlick Eugene","Henderson, NV 89074","",""
"5785 Centennial Center Blvd Ste 140","","Jamison Brett Sellers, DC","Las Vegas, NV 89149","",""
"9330 W Sahara Ave","","Galla, Eric A, DC","Las Vegas, NV 89117","","https://www.denovoclinics.com"
"7810 W Ann Rd Ste 110","","Jordan Blaine Webber, DC","Las Vegas, NV 89149","",""
"1489 W. Warm Springs Rd. Ste. 125","AccreditedBusiness","First Chiropractic","Henderson, NV 89014","","https://www.1st-chiropractic.com"
"4440 S Durango Dr","","Precision Spinal Care","Las Vegas, NV 89147","","https://precisionspinalcare-lv.com"
"2085 Village Center Cir Ste 110","","Red Rock Chiropractic","Las Vegas, NV 89134","","http://www.redrockchiropractic.com"
"9525 Hillwood Dr Ste 100","","John Beedle, DC","Las Vegas, NV 89134","",""
"5785 Centennial Center Blvd Ste 140","","Kiel Nebiker","Las Vegas, NV 89149","",""
"9010 W Cheyenne Ave","","Las Vegas Chiropractic","Las Vegas, NV 89129","","http://lvca-associates.com"
"7810 W Ann Rd","","Desert Chiropractic & Rehab","Las Vegas, NV 89149","",""
"1485 W Warm Springs Rd Ste 103","","Brad Partridge, DC","Henderson, NV 89014","",""
"1485 W Warm Springs Rd","","Nevada Spine Institute","Henderson, NV 89014","",""
"1489 W Warm Springs Rd","","Stirrup, Samuel J, DC","Henderson, NV 89014","",""
"1900 Village Center Cir","","Insurance Plans Chiropractic","Las Vegas, NV 89134","",""
"9330 W Flamingo Rd Ste 112A","","Donna R. Callaway, DC - Serenity Spinal Care","Las Vegas, NV 89147","","http://www.serenity-lv.com"
"8475 S Eastern Ave","","Murie, Adam P, DC","Las Vegas, NV 89123","",""
"8690 S Maryland Pkwy Ste 100","","Artistic Kneads Therapeutic","Las Vegas, NV 89123","",""
"3555 S Fort Apache Rd","","Kelly Kang, DC","Las Vegas, NV 89147","",""
"7455 W Azure Dr","","Teresa J Berry DC","Las Vegas, NV 89130","",""
"8610 S Eastern Ave","","Holistic Chiropractic Center","Las Vegas, NV 89123","",""
"375 N Stephanie St Bldg 12","","Dr. David Stella, DC","Henderson, NV 89014","",""
"8475 S Eastern Ave Ste 101","","Emily Marie Haugen, DC","Las Vegas, NV 89123","",""
"8525 S Eastern Ave","","Louie, Art, DC","Las Vegas, NV 89123","",""
"9330 W Flamingo Rd","","Galla Chiropractic Group","Las Vegas, NV 89147","","https://www.gallachiropractic.com/contact-us"
"4955 S Durango Dr","","Family Health Chiropractic","Las Vegas, NV 89113","",""
"8475 S Eastern Ave Ste 101","","Dr. Josephine N Stanton, MD","Las Vegas, NV 89123","",""
"7455 W Azure Dr","","Chiropractic For Life","Las Vegas, NV 89130","","https://www.chiropracticforlife.org"
"7435 W Azure Dr Ste 190","","Pain Institute Of Nevada","Las Vegas, NV 89130","","http://www.paininstitute.com"
"1930 Village Center Circle 11","","Spinal Care of Nevada - Las Vegas Chiropractor","Las Vegas, NV 89134","","http://drdevin.com"
"8475 S Eastern Ave","","Pham, Tevin T, DC","Las Vegas, NV 89123","",""
"5235 S Durango Dr","","Mobile Chiropractic Care","Las Vegas, NV 89113","",""
"8690 S Maryland Pkwy","","Marshall Chiropractic","Las Vegas, NV 89123","",""
"9436 W Lake Mead Blvd Ste 5","","Native Sun Nutrition & Functional Medicine","Las Vegas, NV 89134","","http://www.nativesunnutrition.com"
"8525 S Eastern Ave","","Art Of Chiropractic","Las Vegas, NV 89123","","https://www.artofchiropracticlv.com"
"8475 S Eastern Ave","","Baker, Jordan S, DC","Las Vegas, NV 89123","",""
"8475 S Eastern Ave Ste 101","","Dr. Stephen A Alexander, DC","Las Vegas, NV 89123","",""
"5215 S Durango Dr Ste 1","","Aaron Neck & Back Inc","Las Vegas, NV 89113","",""
"8475 S Eastern Ave","","Jeffrey Darin Prince, DC","Las Vegas, NV 89123","",""
"8475 S Eastern Ave","","Maxhealth Center Inc","Las Vegas, NV 89123","","http://www.maxhealthlv.com"
"9330 W Flamingo Rd","","Galla, Eric A, DC","Las Vegas, NV 89147","","https://www.gallachiropractic.com"
"6965 S Rainbow Blvd","","Rainbow Neck & Back Center","Las Vegas, NV 89118","","https://www.finechiropractic.com"
"9355 W Flamingo Rd","","Brian K Fife DC","Las Vegas, NV 89147","",""
"4955 S Durango Dr","","Outback Spinal Care NUCCA Chiropractic","Las Vegas, NV 89113","","http://www.vegasnucca.com"
"5215 S Durango Dr","","Dr. Norbert Rene Lukowski, DC","Las Vegas, NV 89113","",""
"9355 W Flamingo Rd Ste 2","","Advanced Chiropractic Specialists","Las Vegas, NV 89147","","http://www.vegaschiro.net"
"7910 W Tropical Pkwy","","Jodi Altman, DC","Las Vegas, NV 89149","","https://centennialwellnesscenter.com"
"7910 W Tropical Pkwy Ste 110","","Dr. Danielle Madeline Buda, DC","Las Vegas, NV 89149","","https://www.centennialwellnesscenter.com"
"8655 S Eastern Ave","","Dr. John Mason McKittrick, DC","Las Vegas, NV 89123","","https://www.smalv.com/en"
"8665 S Eastern Ave # 103","","Nevada Spine & Disc","Las Vegas, NV 89123","",""
"7385 S Rainbow Blvd Ste 140","","The Joint Chiropractic","Las Vegas, NV 89139","","https://www.thejoint.com/nevada/las-vegas/rainbow-warm-springs-36013?y_source=1_MTMzMzc2MzYtNTUzLWxvY2F0aW9uLndlYnNpdGU%3D"
"6525 N Buffalo Dr Ste 160","","Community Chiropractic Center","Las Vegas, NV 89131","",""
"58 N Pecos Rd","","Las Vegas Pain Relief Center","Henderson, NV 89074","",""
"8960 W Tropicana Ave Ste 500","","Marlvin Show Chidziva, DC","Las Vegas, NV 89147","",""
"2557 Wigwam Pkwy","","Mills Chiropractic Center LLC","Henderson, NV 89074","",""
"8960 W Tropicana Ave","","Power Up Chiropractic","Las Vegas, NV 89147","","https://maxliving.com/chiropractor/us/nv/las-vegas/power-up-chiropractic-center"
"9516 W Flamingo Rd","","The Muscle Joint & Spine Center","Las Vegas, NV 89147","",""
"2557 Wigwam Pkwy","","Dr. Shana S Singer, DC","Henderson, NV 89074","",""
"58 N Pecos Rd","","Integrated Pain Relief","Henderson, NV 89074","",""
"6505 N Buffalo Dr","","Insurance Plans Chiropractor","Las Vegas, NV 89131","",""
"7910 W Tropical Pkwy Ste 110","","Centennial Wellness Center","Las Vegas, NV 89149","","https://www.centennialwellnesscenter.com"
"68 N Pecos Rd","","Chiropractic Dial A Doc","Henderson, NV 89074","",""
"10161 Park Run Drive, Suite 150","","Concierge Chiropractic & Wellness","Las Vegas, NV 89145","","https://conciergechirolv.com"
"8665 S Eastern Ave Ste 103","","South Valley Chiropractic","Las Vegas, NV 89123","",""
"2649 Wigwam Pkwy","","A Stella David DC","Henderson, NV 89074","",""
"8665 S Eastern Ave Ste 103","","Dr. Jared Lee Norman, DC","Las Vegas, NV 89123","",""
"8665 S Eastern Ave Ste 103","","Shawn Larkin, DC","Las Vegas, NV 89123","",""
"6430 Sky Pointe Dr Ste 150","","Wright Chiropractic","Las Vegas, NV 89131","","https://www.wrightclinic.com"
"8960 W Tropicana Ave","","Paige, James M, DC","Las Vegas, NV 89147","",""
"68 N Pecos Rd","","Nevada Resort Mobile Chiropractic","Henderson, NV 89074","",""
"1701 N Green Valley Pkwy","","Southern Nevada Chiropractic Car Accident Treatment Centers","Henderson, NV 89074","","https://lasvegascaraccidenttreatment.com"
"9484 W Flamingo Rd Ste 160","","Accident Rehabilitation Center","Las Vegas, NV 89147","",""
"68 N Pecos Rd","","Desert Foothills Neck & Back","Henderson, NV 89074","",""
"2557 Wigwam Pkwy","","Wellness Institute Of Nevada","Henderson, NV 89074","","http://www.wellnessinstituteofnv.com"
"10300 W Charleston Blvd Ste 10","","Living Well Chiropractic, LLC","Las Vegas, NV 89135","","http://www.lwchiropractic.com"
"9075 S Eastern Ave Ste 4","","Dr. Dennis Dale Dumler, DC","Las Vegas, NV 89123","","https://www.valleyspine.net"
"5980 S Durango Dr","","Dai, Jonathan, DC","Las Vegas, NV 89113","",""
"9075 S Eastern Ave #4","","Valley Spine and Health Center","Las Vegas, NV 89123","","http://valleyspine.net"
"213 N Stephanie St Ste G438","","Keesha Myers, DC","Henderson, NV 89074","",""
"5980 S Durango Dr Ste 113-114","","Quan Chiropractic","Las Vegas, NV 89113","","http://www.quanchiropractic.com"
"9005 S Pecos Rd","","Diorio, Adam C, MD","Henderson, NV 89074","","https://www.cohmedical.com"
"4195 S Grand Canyon Dr","","Giacalone, Maria A, DC","Las Vegas, NV 89147","","http://mgiacalonedc.com"
"5980 S Durango Dr","","Eng, Patti T, DC","Las Vegas, NV 89113","",""
"10300 W Charleston Blvd Ste 10","","Dr. Todd Lawrence Schleusner, DC","Las Vegas, NV 89135","","http://www.lwchiropractic.com"
"419 E Sunset Rd","","Michael Kelsey Sunrise Chiropractic DR","Henderson, NV 89011","",""
"10040 W Cheyenne Ave","","Latter, William E, DC","Las Vegas, NV 89129","",""
"10300 W Charleston Blvd","","Jenkins, Kevin D","Las Vegas, NV 89135","",""
"9999 W Katie Ave","","ameriplan","Las Vegas, NV 89147","",""
"10300 W Charleston Blvd Ste 10","","Dr. Cheryle Pettigrew, DC","Las Vegas, NV 89135","","https://www.lwchiropractic.com"
"5135 S Fort Apache Rd","","Laughlin, Charles E, DC","Las Vegas, NV 89148","",""
"9435 W Tropicana Ave Ste 107","","NuSpine Chiropractic","Las Vegas, NV 89147","","https://www.nuspine.com/locations/nevada/las-vegas/chiropractor-89147"
"5060 S Fort Apache Rd Ste 100","","The Joint Chiropractic","Las Vegas, NV 89148","","https://www.thejoint.com/nevada/las-vegas/tropicana-beltway-36009?y_source=1_NDE3MjgxNi01NTMtbG9jYXRpb24ud2Vic2l0ZQ%3D%3D"
"10040 W Cheyenne Ave Ste 130","","Root Cause Resolution","Las Vegas, NV 89129","","https://www.rootcauseresolution.life"
"213 N Stephanie St","","Spiva, Keesha, DC","Henderson, NV 89074","",""
"5135 S Fort Apache Rd Ste 140","","Anchor Chiropractic","Las Vegas, NV 89148","","http://www.your-anchor.com"
"8975 S Pecos Rd Ste 8A","","David A Stella DC PC","Henderson, NV 89074","",""
"1813 N Boulder Hwy","","Chiropractic Treatment","Henderson, NV 89011","",""
"8935 S Pecos Rd Ste 21B","","Kelsie M Buth, DC, MS","Henderson, NV 89074","",""
"7975 Badura Ave Ste 1015","","Trevelynn Henuset, DC","Las Vegas, NV 89113","",""
"7160 Rafael Rivera Way","","Schultz, Timothy R, DC","Las Vegas, NV 89113","",""
"9435 W Tropicana Ave","","Carter, Andrea","Las Vegas, NV 89147","",""
"5980 S Durango Dr Ste 113-114","","Willie So, DC","Las Vegas, NV 89113","",""
"10470 W Cheyenne Ave","","Lefever, James, DC","Las Vegas, NV 89129","",""
"2470 Saint Rose Pkwy Ste 303","","Dr. Kintaro Oku, DC","Henderson, NV 89074","",""
"9555 S Eastern Ave Ste 240","","Briggs Chiropractic","Las Vegas, NV 89123","",""
"7835 S Rainbow Blvd Ste 8","","Dr. Thomas Minh Huynh, DC","Las Vegas, NV 89139","","https://angelchirocenter.com"
"9670 W Tropicana Ave Ste 110","","Chiropractic Wellness Center","Las Vegas, NV 89147","",""
"8945 W Post Rd","","Active Body Chiropractic","Las Vegas, NV 89148","",""
"900 S Pavilion Center Dr","","Brooks, Jarrett D, DC","Las Vegas, NV 89144","",""
"8945 W Post Rd Ste 105","","Dr. Leslie Richardson, DC","Las Vegas, NV 89148","","http://activebodyvegas.com"
"5568 S Fort Apache Rd","","G Harris & Associates Inc","Las Vegas, NV 89148","",""
"9445 W Russell Rd","","Excel Chiropractic","Las Vegas, NV 89148","","http://www.excelchiropracticlv.com"
"10470 W Cheyenne Ave Ste 115","","Align Your Spine","Las Vegas, NV 89129","",""
"4965 Blue Diamond Rd Ste 115","","NuSpine Chiropractic","Las Vegas, NV 89139","","https://www.nuspine.com/locations/nevada/las-vegas/chiropractor-89139"
"9555 S Eastern Ave","","Native Sun Nutrition & Functional Medicine","Las Vegas, NV 89123","","https://www.nativesunnutrition.com"
"9670 W Tropicana Ave Ste 110","","Dr. Michael Todd Reiss, DC","Las Vegas, NV 89147","","http://lasvegascaraccidenttreatment.com"
"9555 S Eastern Ave Ste 240","","Mark Rookhuyzen DR DC","Las Vegas, NV 89123","",""
"10721 W Charleston Blvd","","Align Your Spine Chiropractic Wellness Center","Las Vegas, NV 89135","",""
"9670 W Tropicana Ave","","Southern Nevada Chiropractic Car Accident Treatment Center","Las Vegas, NV 89147","","https://www.lasvegascaraccidenttreatment.com"
"7835 S Rainbow Blvd Ste 8","","Angel Chiropractic Center","Las Vegas, NV 89139","",""
"7975 Badura Ave","","Lomboy, Justine N, DC","Las Vegas, NV 89113","",""
"5568 S Fort Apache Rd","","Dr. Michael Joseph Sobran, DC","Las Vegas, NV 89148","","http://progressivehealthctr.com"
"9670 W Tropicana Ave","","Southern Nevada Chiropractic","Las Vegas, NV 89147","","http://www.lasvegascaraccidenttreatment.com"
"166 Twin Towers Ave","","Owen Mobile Chiropractic","Las Vegas, NV 89123","",""
"100 North Green Valley Parkway #140","","Spinal Rehabilitation Center","Henderson, NV 89074","","http://www.spinalrc.com/henderson.html"
"7165 S Buffalo Dr Ste 105","","Canyon Lake Chiropractic and Physical Therapy","Las Vegas, NV 89113","","https://canyonlakechiropracticandphysicaltherapy.com"
"8530 W Sunset Rd","","Robey, Christopher, DC","Las Vegas, NV 89113","","https://www.vitalityhcg.com"
"9550 S Eastern Ave","","Scott, M K, DC","Las Vegas, NV 89123","",""
"9500 S Eastern Ave Ste 120","","The Joint Chiropractic","Las Vegas, NV 89123","","https://www.thejoint.com/nevada/las-vegas/eastern-and-richmar-36005?y_source=1_Mzk3OTU4MC01NTMtbG9jYXRpb24ud2Vic2l0ZQ%3D%3D"
"7835 S Rainbow Blvd Ste 15","","Nevada Wellness","Las Vegas, NV 89139","",""
"6440 N Durango Dr","","Jacob Danielson Chiropractic","Las Vegas, NV 89149","","https://www.danielsonchiropractic.com/contact-office.html"
"8945 W Post Rd","","Leslie, Anne M","Las Vegas, NV 89148","","http://www.atipt.com"
"6015 S Fort Apache Rd Ste 180","","Canyon Palms Chiropractic","Las Vegas, NV 89148","",""
"55 S Valle Verde Dr","","Gentle Pain Relief Centers","Henderson, NV 89012","","https://drdevin.com/about-dr-luzod"
"7220 S Cimarron Rd","","Spinal Rehabilitation Center","Las Vegas, NV 89113","","http://www.spinalrc.com/warm-springs.html"
"6090 S Fort Apache Rd","","Dr. Autumn Monteiro, DC","Las Vegas, NV 89148","","http://seeonedoc.com"
"8680 W Warm Springs Rd","","Quisberg, Justin, DC","Las Vegas, NV 89148","",""
"6053 S Fort Apache Rd Ste 100","","A Touch Above Chiropractic","Las Vegas, NV 89148","","http://atouchabovechiropractic.com"
"11035 Lavender Hill Dr","","Red Rock Chiropractic","Las Vegas, NV 89135","","https://www.redrockchiropractic.com/chiropractic-relief-care.html"
"55 S Valle Verde Dr Ste 235","","Spinal Care of Nevada - Henderson","Henderson, NV 89012","","http://drdevin.com"
"9775 S Maryland Pkwy Ste A","AccreditedBusiness","Silverado Chiropractic","Las Vegas, NV 89183","","http://www.silveradochiropractic.com"
"6441 N Durango Dr Ste 130","","Dr. Reginald Robertson, DC","Las Vegas, NV 89149","",""
"6441 N Durango Dr Ste 130","","Dr. Keith Leonard Quisberg, DC","Las Vegas, NV 89149","",""
"9260 W Sunset Rd","","Perez-Montes, Maria, DC","Las Vegas, NV 89148","",""
"865 Glitter Glen Ct","","Rookhuyzen, Mark, DC","Las Vegas, NV 89123","",""
"9550 S Eastern Ave #208","","Upper Cervical Chiropractic","Las Vegas, NV 89123","","https://uppercervicalchiropracticlv.com/contact-usdirections"
"6441 N Durango Dr","","Quintero, Christian A, DC","Las Vegas, NV 89149","",""
"1263 E Silverado Ranch Blvd","","Evergrowth Chiropractic","Las Vegas, NV 89183","","https://www.evergrowthchiro.com"
"6441 N Durango Dr Ste 130","","Dr. Timothy McCauley, DC","Las Vegas, NV 89149","",""
"55 S Valle Verde Dr","","Hecker, Daniel L, DC","Henderson, NV 89012","","http://drdevin.com"
"9777 Bermuda Rd","","Limitless Chiropractic","Las Vegas, NV 89183","","https://www.getlimitlesschiro.com"
"1263 E Silverado Ranch Blvd Ste 105A","","Willie So, DC","Las Vegas, NV 89183","",""
"6053 S Fort Apache Rd","","Marone, Andrew C, DC","Las Vegas, NV 89148","",""
"8680 W Warm Springs Rd","","Armenta Jr, Rosa H, DC","Las Vegas, NV 89148","",""
"8680 W Warm Springs Rd","","Align Chiropractic","Las Vegas, NV 89148","",""
"7220 S Cimarron Rd","","Nozawa Chiropractic","Las Vegas, NV 89113","",""
"9775 S Maryland Pkwy Ste A","","Daniel W Schultz, DC","Las Vegas, NV 89183","",""
"7222 S Cimarron Rd","","Nevada Pain Management","Las Vegas, NV 89113","",""
"1440 Paseo Verde Pkwy","","Chiropractor Cure Plus","Henderson, NV 89012","",""
"9079 W Post Rd","","Holt, Larry, DC","Las Vegas, NV 89148","",""
"6090 S Fort Apache Rd","","Back on Track Cervical Care","Las Vegas, NV 89148","","https://www.mybackontrack.com"
"10120 S Eastern Ave Ste 100","","Dr. Derek T Day, DC","Henderson, NV 89052","","http://drderekday.com"
"7541 Tule Springs Rd","","Precision Chiropractic Group","Las Vegas, NV 89131","","https://www.pccgroupnv.com"
"2451 W Horizon Ridge Pkwy Ste 130","","Horizon Spine and Sport: Chiropractic, Spinal Decompression, Sports Injury","Henderson, NV 89052","","http://www.horizonspineandsport.com"
"1550 W Horizon Ridge Pkwy","","Cielo Chiropractic","Henderson, NV 89012","",""
"7445 S Durango Dr","","Voung Don","Las Vegas, NV 89113","","http://www.activehealthlasvegas.com"
"8400 Farm Rd","","Stauffer, Adrienne K, DC","Las Vegas, NV 89131","","https://www.vegasfamilychiropractic.com"
"2960 Saint Rose Pkwy Ste 150","","The Neck and Back Clinics – Green Valley St. Rose","Henderson, NV 89052","","https://theneckandbackclinics.com/locations/green-valley-st-rose-chiropractor"
"11441 Allerton Park Dr","","Woo Donna W Dc Atc","Las Vegas, NV 89135","",""
"10010 S Eastern Ave","","Chiropractor Pill Free Solutions","Henderson, NV 89052","",""
"922 Armandito Dr","","Plotnitskiy, Gennadiy, MD","Las Vegas, NV 89138","",""
"8680 W Warm Springs Rd Ste 155","","Jordan Matthew Lea, DC","Las Vegas, NV 89148","",""
"7445 S Durango Dr","","Active Health Chiropractic","Las Vegas, NV 89113","","http://activehealthlasvegas.com"
"11435 Allerton Park Dr Ste 135","","Dr. Donna W. Woo Chiropractic & Wellness Center","Las Vegas, NV 89135","",""
"2440 W Horizon Ridge Pkwy","","Wagner, David S, DC","Henderson, NV 89052","",""
"2451 W Horizon Ridge Pkwy Ste 100","","Dr. Chuck C Badger, DC","Henderson, NV 89052","",""
"9975 S Eastern Ave","","Just Adjust Chiropractic","Las Vegas, NV 89183","","http://www.justadjustchiro.com"
"9611 Stoney Mesa Ct","","Watson, Raymond A, DC","Las Vegas, NV 89139","",""
"506 First Light St","","Dr. David Lewis, DC","Henderson, NV 89052","",""
"10075 S Eastern Ave Ste 110","","Dr. Daniel T. Cocks, DC","Henderson, NV 89052","",""
"1550 W Horizon Ridge Pkwy","","Attivo Wellness","Henderson, NV 89012","","https://www.attivowellness.com"
"10170 S Eastern Ave Ste 110","","Anthem Chiropractic - Las Vegas Chiropractor","Henderson, NV 89052","",""
"2440 W Horizon Ridge Pkwy Ste 100","","Nevada Rehabilitation Centers - Green Valley","Henderson, NV 89052","","https://autowhiplashrehab.com"
"7120 N Durango Dr Ste H-170","","The Joint Chiropractic","Las Vegas, NV 89149","","https://www.thejoint.com/nevada/las-vegas/montecito-marketplace-36001?y_source=1_Mzk3OTU4OS01NTMtbG9jYXRpb24ud2Vic2l0ZQ%3D%3D"
"8680 W Warm Springs Rd Ste 155","","Robert Michael Coss","Las Vegas, NV 89148","",""
"2390 W Horizon Ridge Pkwy","","Badger, Chuck, DC","Henderson, NV 89052","","http://horizonspineandsport.com"
"10075 S Eastern Ave Ste 110","","Ace Chiropractic & Optimum Health - For Life","Henderson, NV 89052","",""
"9975 S Eastern Ave","","Align Chiropractic Henderson","Las Vegas, NV 89183","",""
"1450 W Horizon Ridge Pkwy Ste A501","","Boundless Chiropractic","Henderson, NV 89012","","http://www.beboundlessnv.com"
"2411 W Horizon Ridge Pkwy Ste 110","","Johnson Family Chiropractic","Henderson, NV 89052","",""
"2390 W Horizon Ridge Pkwy","","Hornfeld, Shira, DC","Henderson, NV 89052","","http://horizonspineandsport.com"
"2790 W Horizon Ridge Pkwy Ste 110","","Aricia Dami, DC","Henderson, NV 89052","",""
"2654 W Horizon Ridge Pkwy Ste B1","AccreditedBusiness","Noble Chiropractic Green Valley","Henderson, NV 89052","",""
"2790 W Horizon Ridge Pkwy Ste 110","","Thomas Godfrey, DC","Henderson, NV 89052","",""
"1730 W Horizon Ridge Pkwy","","Pacific Chiropractic","Henderson, NV 89012","","https://drnash.com/eval"
"615 S. Green Valley Pkwy ste. 110","","NuSpine Chiropractic","Henderson, NV 89052","",""
"10909 S Eastern Ave","","Satterlee, Joshua A, DC","Henderson, NV 89052","",""
"10624 S Eastern Ave","","Ideal Chiropractic","Henderson, NV 89052","","http://idealchiropractic.com"
"2637 W Horizon Ridge Pkwy Ste 110","","Dr. Robert P Menard, DC","Henderson, NV 89052","","http://drrobertmenard.com"
"2790 W Horizon Ridge Pkwy","","Agape Sports & Family Chiropractic","Henderson, NV 89052","","https://www.agapehealthlv.com/north-last-vegas-location-page"
"2790 W Horizon Ridge Pkwy Ste 110","","Job Krugly, DC","Henderson, NV 89052","",""
"5514 Perry Creek St","","Bacote, Kyrah L","Las Vegas, NV 89141","",""
"1661 W Horizon Ridge Pkwy","","Demartino Family Chiropractic","Henderson, NV 89012","","https://www.shslasvegas.com"
"2625 W Horizon Ridge Pkwy","","Siena Neck and Back","Henderson, NV 89052","",""
"2779 W Horizon Ridge Pkwy","","Samantha Flores, DC","Henderson, NV 89052","",""
"2610 W Horizon Ridge Pkwy Ste 104","","Dr. Brian Christopher Gamett, DC","Henderson, NV 89052","",""
"2729 W Horizon Ridge Pkwy","","Oku, Kintaro, DC","Henderson, NV 89052","","http://lvprc.com"
"2779 W Horizon Ridge Pkwy Ste 210","","Chad Basinger, DC","Henderson, NV 89052","",""
"133 W Lake Mead Pkwy Ste 200","","Lampe Chiropractic","Henderson, NV 89015","","https://www.lampechiropractic.com/page/contact.html"
"1742 W Horizon Ridge Pkwy","","Rossi, Nathaniel J, DC","Henderson, NV 89012","",""
"1770 W Horizon Ridge Pkwy","","Horizon Ridge Chiropractic","Henderson, NV 89012","","https://www.horizonspineandsport.com"
"10624 S Eastern Ave Ste Q","","Dr. Jason Louis Insera, DC","Henderson, NV 89052","","http://idealchiropractic.com"
"1661 W Horizon Ridge Pkwy Ste 280","","Superior Health Solutions","Henderson, NV 89012","","http://www.shslasvegas.com"
"10357 Rye Patch Creek St","","Siapno, Jeno R, DC","Las Vegas, NV 89141","",""
"2625 W Horizon Ridge Pkwy Ste 140","","Corbin Thomas Loveland, DC","Henderson, NV 89052","",""
"321 W Lake Mead Pkwy","","Kent, L M, DC","Henderson, NV 89015","",""
"2637 W Horizon Ridge Pkwy Ste 110","","Horizon Neck & Back","Henderson, NV 89052","","https://horizonneckandback.com"
"10624 S Eastern Ave","","Waldman, Shaun, DC","Henderson, NV 89052","","http://idealchiropractic.com"
"1770 W Horizon Ridge Pkwy","","Sabarese, Nicole, DC","Henderson, NV 89012","",""
"10840 Rosin Jaw St","","Alexander, Samantha, DC","Las Vegas, NV 89183","",""
"10909 S Eastern Ave","","Wood, Garrett K, DC","Henderson, NV 89052","",""
"9630 W Skye Canyon Park Dr","","Vegas Family Chiropractic","Las Vegas, NV 89166","","https://www.vegasfamilychiropractic.com/contact"
"3455 Saint Rose Pkwy","","Alexander, Stephen A, DC","Henderson, NV 89052","",""
"825 Crabapple Dr","","Massage Therapist Licensed and Degreed","Henderson, NV 89002","",""
"10637 Strand City Ave","","Bradley, Joseph J, DC","Las Vegas, NV 89166","","http://theaddictiondoctor.com"
"270 E Horizon Dr Ste 109","","Dr. Israel I Villasenor, DC","Henderson, NV 89015","",""
"11155 S Eastern Ave Ste 120","","Mountain Side Chiropractic","Henderson, NV 89052","","http://www.painfreeinlv.com"
"3 E Ocean Ave","","Swolensky, Darrell C, DC","Henderson, NV 89015","",""
"200 E Horizon Dr Ste 8","","Spinalaid Centers Of Henderson","Henderson, NV 89015","",""
"250 E Horizon Dr","","Marshall, Kent L, DC","Henderson, NV 89015","",""
"11251 S Eastern Ave","","Eastern Reflexology","Henderson, NV 89052","",""
"280 W Country Club Dr","","Dr. Shira S Hornfeld, DC","Henderson, NV 89015","",""
"537 S Boulder Hwy Ste B","","Palmer Chiropractic","Henderson, NV 89015","",""
"140 E Horizon Dr","","Care Chiropractic","Henderson, NV 89015","",""
"858 S Boulder Hwy","","Chiropractic Clinics of Nevada","Henderson, NV 89015","","http://www.nevadachiro.com"
"11155 S Eastern Ave","","Houtakker, Christopher, DC","Henderson, NV 89052","",""
"25 E Horizon Ridge Pkwy","","Chiropractic Hip Pain Cure","Henderson, NV 89002","",""
"9325 S Cimarron Rd Ste 115","","Blue Diamond Integrative Care Clinic","Las Vegas, NV 89178","","http://www.bluediamondclinic.com"
"7935 Blue Diamond Rd","","Angel Chiropractic Center","Las Vegas, NV 89178","",""
"10909 S Eastern Ave","","Bio Mechanics of Las Vegas","Henderson, NV 89052","",""
"10420 S Decatur Blvd Ste 140","","Dr. Andrea Watson, MD","Las Vegas, NV 89141","",""
"140 E Horizon Dr","","Michael J Demille, DC","Henderson, NV 89015","",""
"858 S Boulder Hwy","","Dr. Darrell Craig Swolensky, DC","Henderson, NV 89015","","https://www.nevadachiro.com"
"200 E Horizon Dr Ste A","","Spine & Joint Institute of Las Vegas","Henderson, NV 89015","","https://twitter.com/SpineJointLV"
"3 E Ocean Ave","","Chiropractics Clinic of Nevada","Henderson, NV 89015","","https://nevadachiro.com/contact-us"
"9630 W Skye Canyon Park Dr","","Perone, Gina D, DC","Las Vegas, NV 89166","",""
"200 E Horizon Dr Ste A","","Lasr Clinics","Henderson, NV 89015","",""
"250 E Horizon Dr","","Henderson Chiropractic","Henderson, NV 89015","","http://www.nevadachiro.com"
"204 W Pacific Ave","","Pacific Chiropractic","Henderson, NV 89015","",""
"9345 S Cimarron Rd","","Shiley, Jennifer L, DC","Las Vegas, NV 89178","",""
"2700 E Lake Mead Blvd","","Preferred Chiropractic","North Las Vegas, NV 89030","","http://nvchiroassoc.org"
"1380 E Sahara Ave Ste A","","Nevada Wellness & Recovery Ctr","Las Vegas, NV 89104","",""
"1800 W Charleston Blvd","","Jamal Ali Cunningham","Las Vegas, NV 89102","",""
"3001 E Charleston Blvd","","Kim, Chris, DC","Las Vegas, NV 89104","",""
"600 S Rancho Dr Ste 113-B","","Raymond Daniel Weich, DC","Las Vegas, NV 89106","",""
"1513 S Eastern Ave","","Earle Chiropractic","Las Vegas, NV 89104","",""
"2091 E Sahara Ave","","Schleusner Chiropractic","Las Vegas, NV 89104","","http://www.schleusnerchiropractic.com"
"2832 E Lake Mead Blvd","","Winterwood Chiropractic","North Las Vegas, NV 89030","",""
"3551 E Bonanza Rd Ste 108","","Dr. Douglas B Hermansen, DC","Las Vegas, NV 89110","",""
"820 Rancho Ln","","Cooperative Association of Chiropractic Physicans","Las Vegas, NV 89106","",""
"3100 E Charleston Blvd","","Beyond Rehab Health Center","Las Vegas, NV 89104","","https://www.beyondrhcwu.com/about"
"2202 W Charleston Blvd Ste 7","","Randall Chiropractic & Rehabilitation","Las Vegas, NV 89102","",""
"2000 S Eastern Ave","","Velazquez Chiropractic","Las Vegas, NV 89104","",""
"730 E Sahara Ave","","Dr. Ronald Gene Penna, DC","Las Vegas, NV 89104","",""
"3551 E Bonanza Rd Ste 110","","Kelson James English, DC","Las Vegas, NV 89110","",""
"2630 E Lake Mead Blvd Frnt","","Rancho Chiropractic","North Las Vegas, NV 89030","",""
"2522 E Lake Mead Blvd","","Best Care Chiropractic","North Las Vegas, NV 89030","","http://bestcarechiro.com"
"3551 E Bonanza Rd Ste 108","","Desert Pines Rehabilitation","Las Vegas, NV 89110","","http://desertpinesrehab.com"
"1817 S Eastern Ave","","Dr. Pamela Hamblen Fleming, DC","Las Vegas, NV 89104","",""
"501 S Rancho Dr Ste A2","","Rehab To Wellness Chiropractic","Las Vegas, NV 89106","",""
"600 S Rancho Dr Ste 113B","","Injury Rehab and Wellness Center","Las Vegas, NV 89106","","https://www.injuryrehab.org"
"3001 E Charleston Blvd","","East One Chiro & Rehab Ctr","Las Vegas, NV 89104","",""
"2700 E Lake Mead Blvd","","Overland Sr, James T, DC","North Las Vegas, NV 89030","","http://nvchiroassoc.org"
"3551 E Bonanza Rd Ste 108","","Dr. Michael Hortin, DC","Las Vegas, NV 89110","",""
"500 S Rancho Dr Ste 9","AccreditedBusiness","DR Stephanie Youngblood","Las Vegas, NV 89106","","http://www.nevadachiropractic.org"
"820 Rancho Ln Ste 25","","Ward Roger P Dr DC","Las Vegas, NV 89106","",""
"1380 E Sahara Ave","","Las Vegas Chiropractic Center","Las Vegas, NV 89104","",""
"1812 Santa Paula Dr","","Dr. George Allen Ritter, DC","Las Vegas, NV 89104","",""
"1811 W Charleston Blvd","","Everything Medical","Las Vegas, NV 89102","",""
"1812 Santa Paula Dr","","Santa Paula Chiropractic Ctr","Las Vegas, NV 89104","",""
"Serving theLas Vegas Area","","ALIGNOLOGY & Associates","","","https://alignology.com"
"Las Vegas, NV 89119","","Natural Wellness Centers","Las Vegas, NV 89119","","https://mailchi.mp/90e468c4c5ab/invisa-red-laser-fat-loss"
"Las Vegas, NV 89117","","Personal Injury Association","Las Vegas, NV 89117","","https://personalinjuryassociation.com"
"2401 W Charleston Blvd","","Dr. Pasquale Laurito, DC","Las Vegas, NV 89102","",""
"1928 E Sahara Ave","","Chiropractic Nevada","Las Vegas, NV 89104","",""
"2415 Las Vegas Blvd N","","Bang, Darrin D, DC","North Las Vegas, NV 89030","",""
"3595 E Bonanza Rd Ste 150","","Michael Louis Weinberger, DC","Las Vegas, NV 89110","",""
"2650 S Maryland Pkwy Ste A2","","Dr. Cameron Mitchell Dudley, DC","Las Vegas, NV 89109","",""
"2091 E Sahara Ave","","Dr. Eric Sakowski, DC","Las Vegas, NV 89104","","http://msn.com"
"2415 Las Vegas Blvd N","","Spinal Rehabilitation Center","North Las Vegas, NV 89030","",""
"3230 E Charleston Blvd","","Vegas Valley Chiropractic","Las Vegas, NV 89104","","http://www.vegasvalleychiro.com"
"2915 W Charleston Blvd Ste 190","","Anthony Amin Marino, DC","Las Vegas, NV 89102","",""
"3230 E Charleston Blvd Ste 109","","Dr. Mirna Gamboa, DC","Las Vegas, NV 89104","","http://vegasvalleychiro.com"
"2511 W Charleston Blvd","","Dr. Alan Gettinger, DC","Las Vegas, NV 89102","","https://gettingerchiropractic.com"
"1928 E Sahara Ave","","Dr. Thongxay T Southisene, DC","Las Vegas, NV 89104","",""
"3100 E Lake Mead Blvd Ste 21","","Accident Chiropractic","North Las Vegas, NV 89030","",""
"2810 W Charleston Blvd","","Better Health Chiropractic","Las Vegas, NV 89102","",""
"2820 W Charleston Blvd Ste A-6","","Dr. Thor Patrick Mongie, DC","Las Vegas, NV 89102","",""
"2325 W Charleston Blvd","","#1 Auto Accident Injury Doctor in Las Vegas, NV-Complete Care Injury Center","Las Vegas, NV 89102","","https://www.completecare.org"
"2820 W Charleston Blvd Ste 6","","Brady Scott DC","Las Vegas, NV 89102","",""
"2621 W Charleston Blvd","","Argento Chiropractic Clinic","Las Vegas, NV 89102","",""
"2621 W Charleston Blvd","","Feel Good Chiropractic","Las Vegas, NV 89102","","http://www.feelgoodchiropractic.com"
"2650 S Maryland Pkwy","","Burke, Steven L, DC","Las Vegas, NV 89109","",""
"2770 S Maryland Pkwy","","Aliante Integrated Physical Medicine","Las Vegas, NV 89109","","https://spineandposture.com"
"3100 E Lake Mead Blvd Ste 21","","A Plus Chiropractor Referral Services","North Las Vegas, NV 89030","",""
"2650 S Maryland Pkwy Ste A2","","Central City Chiropractic","Las Vegas, NV 89109","","http://www.centralcitychiro.com"
"2325 W Charleston Blvd","","Danial Brennan, DC","Las Vegas, NV 89102","",""
"68 N Pecos Rd","","Chiropractic Dial A Doc","Las Vegas, NV 89101","",""
"1006 N Rancho Dr","","Dr. Ron Michael Cheney, DC","Las Vegas, NV 89106","",""
"1928 E Sahara Ave","","Low Back & Neck Pain Center","Las Vegas, NV 89104","",""
"1006 N Rancho Dr","","Rancho Chiropractic","Las Vegas, NV 89106","",""
"2621 W Charleston Blvd","","Edward R Balle DC","Las Vegas, NV 89102","",""
"3061 S Maryland Pkwy Ste 201","","Cayla Lairmore","Las Vegas, NV 89109","",""
"2320 Paseo Del Prado Ste B207","","Roland Keith Brim, DC","Las Vegas, NV 89102","",""
"2501 E Cheyenne Ave","AccreditedBusiness","Best Care Chiropractic","North Las Vegas, NV 89030","","https://bestcarechiro.com"
"3841 W Charleston Blvd","","Advanced Spine & Posture","Las Vegas, NV 89102","","https://advancedspineandposture.com"
"4250 E Bonanza Rd","","Bonanza Chiropractic Center","Las Vegas, NV 89110","",""
"2300 E Desert Inn Rd","","Good Will Chiropractic","Las Vegas, NV 89169","",""
"2501 E Cheyenne Ave","","Todd Alexander Tomburo, DC","North Las Vegas, NV 89030","","http://bccinc.com"
"3061 S Maryland Pkwy","","Jaeger, Jason O, DC","Las Vegas, NV 89109","",""
"835 E Desert Inn Rd","","Dr. Thomas Vaughn","Las Vegas, NV 89109","",""
"3211 W Charleston Blvd","","Park Hill Family Practice","Las Vegas, NV 89102","","http://parkhillfamilypractice.com"
"2901 El Camino Ave Ste 100","","Dr. Adam C Diorio, DC","Las Vegas, NV 89102","",""
"4416 E Bonanza Rd","","Spinal Rehabilitation Center","Las Vegas, NV 89110","","http://www.spinalrc.com"
"900 S Valley View Blvd Ste 105","","Forbes Chiropractic","Las Vegas, NV 89107","","http://www.forbeschiropracticlasvegas.com"
"4416 E Bonanza Rd","","Dr. John J Curletto, DC","Las Vegas, NV 89110","",""
"4425 Stewart Ave","","David A Stella DC PC","Las Vegas, NV 89110","",""
"3061 S Maryland Pkwy Ste 201","","Les Daniel Gilbert","Las Vegas, NV 89109","",""
"1900 E Desert Inn Rd","","Dr. Kyle Magdaluyo, DC","Las Vegas, NV 89169","",""
"152 N Lamb Blvd","","Car Accident Treatment","Las Vegas, NV 89110","",""
"3841 W Charleston Blvd","","Forrest, Gina D, DC","Las Vegas, NV 89102","",""
"2800 W Sahara Ave Ste 1K","","Argento Chiropractic Clinic","Las Vegas, NV 89102","",""
"3061 S Maryland Pkwy","","Flippo, Nancy","Las Vegas, NV 89109","",""
"2959 Industrial Rd","","Infinity Chiropractic & Rehabilitation","Las Vegas, NV 89109","",""
"900 S Valley View Blvd Ste 105","","Forbes Scott DC","Las Vegas, NV 89107","",""
"3131 La Canada St","","Hartman, Craig, MD","Las Vegas, NV 89169","",""
"4425 Stewart Ave","","Stella Chiropractic Center","Las Vegas, NV 89110","",""
"3025 S Maryland Pkwy","","West Coast Chiropractic Center","Las Vegas, NV 89109","",""
"1818 E Desert Inn Rd","","Lok Acupuncture Clinic","Las Vegas, NV 89169","","http://lokacupunctureclinic.com"
"3061 S Maryland Pkwy","","Fernandez Medina, Christian J","Las Vegas, NV 89109","",""
"4550 E Charleston Blvd","","Sidney Carter DC","Las Vegas, NV 89104","",""
"4225 E Sahara Ave","","Joshua Carr DC","Las Vegas, NV 89104","",""
"3025 E Desert Inn Rd Ste 20","","Dr. Roger R Elmer, DC","Las Vegas, NV 89121","",""
"4618 Meadows Ln","","Wagner Chiropractic","Las Vegas, NV 89107","",""
"2961 Sammy Davis Jr Dr","","Vip Adjust","Las Vegas, NV 89109","","http://vipadjust.com"
"3860 W Lake Mead Blvd Ste 100","","Giuseppe Moro, DC, FNP","North Las Vegas, NV 89032","",""
"2425 N Lamb Blvd Ste 100","","Dr. Michael Wayne Barney, DC","Las Vegas, NV 89115","",""
"3376 S Eastern Ave Ste 1","","Advanced Occupational Health Centers","Las Vegas, NV 89169","",""
"4225 E Sahara Ave","","Nevada Rehabilitation Centers","Las Vegas, NV 89104","","https://autowhiplashrehab.com/locations/east-location"
"4555 E Charleston Blvd Ste 101","","East Charleston & Lamb Chiropractic","Las Vegas, NV 89104","","http://www.vegaschiro.net"
"321 Pecos Way","","Mountain West Chiropractic","Las Vegas, NV 89121","",""
"4500 E Bonanza Rd Unit D","","Dr. Douglas Patrick Manfra, DC","Las Vegas, NV 89110","","http://chiroinlasvegas.com"
"3025 E Desert Inn Rd Ste 20","","Advanced Spinal Solutions","Las Vegas, NV 89121","",""
"2425 N Lamb Blvd","","Anderson, Jordan M, DC","Las Vegas, NV 89115","","http://theneckandbackclinics.com"
"321 Pecos Way","","Bahoora, Kenneth M","Las Vegas, NV 89121","",""
"4618 Meadows Ln","","Ward W Wagner DC","Las Vegas, NV 89107","",""
"4225 E Sahara Ave Ste 11","","William J Seidl, DC","Las Vegas, NV 89104","",""
"3180 W. Sahara Ste. C12","","Flushman - Charleston Chiropractic","Las Vegas, NV 89104","","http://charlestonchiropracticlv.com"
"2425 N Lamb Blvd Ste 100","","North Las Vegas Neck & Back Clinic","Las Vegas, NV 89115","",""
"4555 E Charleston Blvd","","Evans, Donald A, DC","Las Vegas, NV 89104","",""
"4555 E Charleston Blvd","","Evans Family Chiropractic","Las Vegas, NV 89104","","https://evansfamilychiropractic.com"
"1129 Sierra Vista Dr","","Vegas Las Chiropractor","Las Vegas, NV 89169","",""
"3900 W Charleston Blvd Ste 140","","Dr. Arminas Stasys Wagner, DC","Las Vegas, NV 89102","","http://nevadachiropracticrc.com"
"1405 Arville St","","Dr. Rae Francis Kelly, BS, DC","Las Vegas, NV 89102","",""
"3441 W Sahara Ave Ste C7","","Meadows Chiropractic","Las Vegas, NV 89102","","http://meadows-chiro.com"
"4500 E Bonanza Rd","","North Eastern Chriopratic Center","Las Vegas, NV 89110","","https://www.chiroinlasvegas.com/northeastern-chiropractic-center-bonanza-lamb-chir"
"2425 N Lamb Blvd Ste 100","","The Neck and Back Clinics – Northeast","Las Vegas, NV 89115","","https://theneckandbackclinics.com/locations/northeast-las-vegas"
"1405 Arville St Ste 102","","Kelly Chiropractic","Las Vegas, NV 89102","","http://www.dockelly.com"
"3900 W Charleston Blvd","","Nevada Chiropractic Rehabilitation Center","Las Vegas, NV 89102","","http://nevadachiropracticrc.com"
"3376 S Eastern Ave","","Razsadin, Andrei, DC","Las Vegas, NV 89169","",""
"3120 S Valley View Blvd","","Dc Ltd","Las Vegas, NV 89102","",""
"3940 N Martin L King Blvd Ste 107","","Injury Solutions, Inc. - Dr. Patrick R.E. Davis","North Las Vegas, NV 89032","","https://injurysolutions.com"
"1342 S Decatur Blvd","","Accident Chiropractic","Las Vegas, NV 89102","",""
"505 S Decatur Blvd","","Kim, Daniel M, DC","Las Vegas, NV 89107","",""
"3160 S Valley View Blvd Ste 103","","Essential Chiropractic","Las Vegas, NV 89102","",""
"2425 N Lamb Blvd","","Chiropractic Health Service","Las Vegas, NV 89115","",""
"4516 W Charleston Blvd","","Quest Chiropractic","Las Vegas, NV 89102","","https://uniregistry.com/market/domain/questchiropractic.com"
"4550 W Oakey Blvd. # 103","","Las Vegas Chiropractic & Pain Relief Center","Las Vegas, NV 89102","",""
"3737 Pecos Mcleod Ste 101","","Jennifer Lynn Shiley, DC","Las Vegas, NV 89121","",""
"4800 E Bonanza Rd","","Pejman, David, DC","Las Vegas, NV 89110","",""
"3737 Pecos Mcleod","","Tawil, Tarek F, DO","Las Vegas, NV 89121","",""
"1485 E Flamingo Rd","","Catlett, Peter S, DC","Las Vegas, NV 89119","",""
"1485 E Flamingo Rd","AccreditedBusiness","Southern Nevada Medical Group Limited","Las Vegas, NV 89119","","http://southernnevadamedical.com"
"4516 W Charleston Blvd","","Dr. Marcello Salzano, DC","Las Vegas, NV 89102","",""
"4800 E Bonanza Rd","","Southern Nevada Chiropractic Car Accident Treatment Centers","Las Vegas, NV 89110","","http://www.yourlasvegaschiropractor.com"
"4025 E Cheyenne Ave","","Ipt Cheyenne DC","Las Vegas, NV 89115","",""
"4528 W Charleston Blvd","","Dr. Chuang Yu Lin, DC","Las Vegas, NV 89102","",""
"4840 E Bonanza Rd Ste 8","","Rosa H Armenta JR., DC","Las Vegas, NV 89110","",""
"1201 N Decatur Blvd Ste 109","","Applied Health Dynamics","Las Vegas, NV 89108","",""
"1201 N Decatur Blvd Ste 109","","Harmelchiropractic","Las Vegas, NV 89108","",""
"505 S Decatur Blvd","","Ill Nam, DC","Las Vegas, NV 89107","",""
"2881 S Valley View Blvd","","Patient First Wellness Center","Las Vegas, NV 89102","",""
"505 S Decatur Blvd","","Sunny Hills Pain Clinic","Las Vegas, NV 89107","","http://www.lasvegaskorea.com"
"1201 N Decatur Blvd","","Harmel, Nicole Lee, DC","Las Vegas, NV 89108","",""
"1485 E Flamingo Rd","","West Coast Chiropractic Center","Las Vegas, NV 89119","",""
"3120 S Valley View Blvd Ste Aa","","Borselli Kim DC","Las Vegas, NV 89102","",""
"4528 W Charleston Blvd","","Apple Chiropractic","Las Vegas, NV 89102","",""
"4517 W Sahara Ave","","Integrated Healthcare-Nevada","Las Vegas, NV 89102","",""
"1485 E Flamingo Rd","","LV Injury Experts","Las Vegas, NV 89119","",""
"1342 S Decatur Blvd","","Webber, Jordan B, DC","Las Vegas, NV 89102","",""
"3300 E Flamingo Rd Ste 11","","Schwartz Chiropractic, P.C.","Las Vegas, NV 89121","",""
"3585 E Flamingo Rd","","Bunker, Robert C, DC","Las Vegas, NV 89121","",""
"861 N Nellis Blvd","","Nicola Chiropractic","Las Vegas, NV 89110","","https://nicolachiropracticnellis.com"
"1527 W Craig Rd","","Vicente-Aponte, Edward P","North Las Vegas, NV 89032","",""
"2290 E Flamingo Rd Ste B","","Dr. Delmar James Walker, DC","Las Vegas, NV 89119","",""
"5320 W Sahara Ave Ste 1","","Armand Guilbeault, Other","Las Vegas, NV 89146","",""
"4130 N Martin L King Blvd","","Well Care Medical Group of North Las Vegas Incorporated","North Las Vegas, NV 89032","",""
"3585 E Flamingo Rd Ste 202","","Dr. James Chance Arrendale, DC","Las Vegas, NV 89121","",""
"4760 W Sahara Ave Ste 5","","Dr. Mitchell Kane, DC","Las Vegas, NV 89102","",""
"4530 S Eastern Ave Ste 6","AccreditedBusiness","Spinal Rehabilitation Center, Inc.","Las Vegas, NV 89119","","http://www.spinalrc.com"
"3553 S Valley View Blvd","","Good Hand Acupressure & Massage Center","Las Vegas, NV 89103","",""
"400 N Nellis Blvd Ste 105","","The Joint - Sunrise Marketplace","Las Vegas, NV 89110","",""
"2232 S Nellis Blvd Ste 5","","Dr. Christine Michelle Stettnichs, DC","Las Vegas, NV 89104","",""
"3775 Spring Mountain Rd","","Spring Mountain Medical Group","Las Vegas, NV 89102","",""
"2675 E Flamingo Rd Ste 9","","Hogan Chiropractic Wellness Center","Las Vegas, NV 89121","","https://drkenhogan.com"
"2101 S Decatur Blvd","","Decatur Chiropractic","Las Vegas, NV 89102","",""
"4530 S Eastern Ave Ste 6","","Lucas Andrew Farabee, DC","Las Vegas, NV 89119","",""
"3737 Pecos-McLeod Interconnect, #101,","","Advanced Occupational Health Centers","Las Vegas, NV 89121","","https://www.chiropractorlasvegas.org"
"2675 E Flamingo Rd Ste 9","","Dr. Kenneth James Hogan, DC","Las Vegas, NV 89121","","http://www.drkenhogan.com"
"1527 W Craig Rd","","West, Cassady, DC","North Las Vegas, NV 89032","",""
"5300 W Sahara Ave Ste 200","","Feher Chiropractic","Las Vegas, NV 89146","",""
"2208 S Nellis Blvd","","Align Chiropractic","Las Vegas, NV 89104","",""
"2875 S Nellis Blvd Ste A7","","Nellis Chiropractic - Andre Grove DC","Las Vegas, NV 89121","",""
"5105 E Sahara Ave Suite 144","","Chiropractic Works","Las Vegas, NV 89142","","https://chiropracticworkslasvegas.com"
"4530 S Eastern Ave Ste 6","","Dr. David Michael Streng, DC","Las Vegas, NV 89119","",""
"1527 W Craig Rd","","Southern Nevada Chiropractic Car Accident Treatment Centers","North Las Vegas, NV 89032","","https://www.lasvegascaraccidenttreatment.com"
"1527 W Craig Rd","","Prall, Eric M, DC","North Las Vegas, NV 89032","",""
"3505 E Flamingo Rd","","Advanced Spinal Solutions","Las Vegas, NV 89121","","https://thebuildabrainprogram.com"
"2235 E Flamingo Rd Ste 120","","Artistic Kneads Therapeutic Massage of Nevada","Las Vegas, NV 89119","","http://www.artistickneads.com"
"111 N Nellis Blvd","","Mr Chiropractor","Las Vegas, NV 89110","",""
"228 S Jones Blvd","","A & M Chiropractic Wellness Ctr","Las Vegas, NV 89107","",""
"4901 W Desert Inn Rd","","A Chiropractic Physicians","Las Vegas, NV 89146","",""
"1500 E Tropicana Ave","","Mizukami, Dillon M, DC","Las Vegas, NV 89119","",""
"4680 S Eastern Ave","","Velazquez, Maria C, DC","Las Vegas, NV 89119","",""
"1500 E Tropicana Ave Ste 121","","Anthony Amin Marino, DC","Las Vegas, NV 89119","",""
"1500 E Tropicana Ave Ste 121","","Ricardo Alonso Rivas, DC","Las Vegas, NV 89119","",""
"3830 E Flamingo Rd Ste C2","","Flamingo Chiropractic","Las Vegas, NV 89121","","https://flamingochiro.com"
"5445 W Sahara Ave","","Chester DC Chin","Las Vegas, NV 89146","",""
"5445 W Sahara Ave","","The Pain Clinic, Inc.","Las Vegas, NV 89146","","https://www.painclinic-lv.com"
"2389 Renaissance Dr","","John Moody DC","Las Vegas, NV 89119","",""
"4530 S Eastern Ave Ste 6","","Christopher James Brink, DC","Las Vegas, NV 89119","",""
"3231 N Decatur Blvd Ste 116","","Daniel D. Yen, DC","Las Vegas, NV 89130","",""
"Craig Rd./Lamb","","Nevada Medical","Las Vegas, NV 89115","","http://www.nevadamedical.fgxpress.com"
"4901 W Desert Inn Rd Ste 2","","Dr. Daniel Craig Leavitt, DC","Las Vegas, NV 89146","",""
"5446 W Sahara Ave","","Chiropractor Near Local Las Vegas Area LTD","Las Vegas, NV 89146","",""
"3047 S Decatur Blvd","","Krissada Scott Varner, DC","Las Vegas, NV 89102","",""
"5900 W Charleston Blvd","","Marcia C. Tinberg, DC","Las Vegas, NV 89146","",""
"3300 S Decatur Blvd Ste 5","","Dr. Terry L Wong, DC","Las Vegas, NV 89102","",""
"4560 S Eastern Ave","","Buanno, David P","Las Vegas, NV 89119","",""
"2389 Renaissance Dr Ste A","","Dr. Lawrence Cho, DC","Las Vegas, NV 89119","",""
"5900 W Charleston Blvd Ste 2","","Accelerated Chiropractic","Las Vegas, NV 89146","",""
"5900 W Charleston Blvd","","Universal Chiropractic","Las Vegas, NV 89146","",""
"5445 W Sahara Ave","","Majidi, Fawod A","Las Vegas, NV 89146","",""
"4680 S Eastern Ave Ste B","","Steven D. Peck, DC","Las Vegas, NV 89119","",""
"304 S Jones Blvd # 1454","","Allen Scott Miller, DC","Las Vegas, NV 89107","","https://www.doctorscannabisconsulting.com"
"5445 W Sahara Ave","","Dollarhide, Roper L, DC","Las Vegas, NV 89146","",""
"3231 N Decatur Blvd","","Yen Chiropractic","Las Vegas, NV 89130","","https://chiropractorlasvegas-yenchiropractic.com"
"4680 S Eastern Ave","","Back to Health Chiropractic","Las Vegas, NV 89119","","http://quiropracticolv.com"
"4680 S Eastern Ave","","Southwest Chiropractic","Las Vegas, NV 89119","",""
"3047 S Decatur Blvd","","Dr. Sonny W. Ho, DC","Las Vegas, NV 89102","",""
"1420 S Jones Blvd","","Scott Forbes DC","Las Vegas, NV 89146","","http://www.forbeschiropracticlasvegas.com"
"2375 S Jones Blvd Ste 16","","Dr. David H Williams, DC","Las Vegas, NV 89146","",""
"4116 W Craig Rd","","McKelvey, Jessica R, DC","North Las Vegas, NV 89032","",""
"4116 W Craig Rd","","Dr. Brian K. Fife, DC","North Las Vegas, NV 89032","","http://vegaschiro.net"
"5288 Spring Mountain Rd Ste 200","","Excel Chiro Care","Las Vegas, NV 89146","",""
"3315 W Craig Rd Ste 105","","Gary Becker DC","North Las Vegas, NV 89032","","http://chiropracticnorthlasvegas.com"
"6212 W Charleston Blvd","","Hansen Chiropractic Office","Las Vegas, NV 89146","",""
"3315 W Craig Rd Ste 105","","Chiropractic Plus + Natural Health & Wellness","North Las Vegas, NV 89032","","http://chiropracticnorthlasvegas.com"
"4116 W Craig Rd","","Brooks, Rachel, DC","North Las Vegas, NV 89032","",""
"3315 W Craig Rd Ste 105","","Dr. Larry Holt, DC","North Las Vegas, NV 89032","",""
"6130 W Sahara Ave","","Kaleta, Katrin, DC","Las Vegas, NV 89146","","http://www.injurychiropracticcare.com"
"6130 W Sahara Ave","","Injury Chiropractic Care","Las Vegas, NV 89146","","http://www.injurychiropracticcare.com"
"5288 Spring Mountain Rd","","Cohen Chiropractic","Las Vegas, NV 89146","",""
"4525 W Twain Ave","","Dr. Jay P Paulk, DC","Las Vegas, NV 89103","",""
"1420 S Jones Blvd","","Forbes Chiropractic - Commercial Driver's License Exams (CDL)","Las Vegas, NV 89146","","http://forbeschiropracticlasvegas.com"
"2250 E Tropicana Ave Ste 3","","Art Louie, DC","Las Vegas, NV 89119","",""
"1420 S Jones Blvd","","Five Star Family Chiropractic","Las Vegas, NV 89146","","http://www.lasvegas-chiro.com"
"6212 W Charleston Blvd","","Back & Pain Center","Las Vegas, NV 89146","",""
"2610 S Jones Blvd","","Rapid Care Medical Clinic","Las Vegas, NV 89146","","https://rapidcarelasvegas.com/location.html"
"3315 W Craig Rd","","Sundance Chiropractic","North Las Vegas, NV 89032","","http://welladjustedlv.com"
"4415 W Flamingo Rd","","Andrea Carter DC","Las Vegas, NV 89103","",""
"5288 Spring Mountain Rd","","Alliance Chiropractic","Las Vegas, NV 89146","",""
"2375 S Jones Blvd Ste 16","","Back Care Chiropractic","Las Vegas, NV 89146","","http://www.backcarechiropractic.com"
"5288 Spring Mountain Rd","","Allen, Han S, DC","Las Vegas, NV 89146","",""
"6212 W Charleston Blvd Ste 100","","Dr. Kipling Gayle Hansen, DC","Las Vegas, NV 89146","",""
"6212 W Charleston Blvd","","Chiropractic West Charleston Family Health Center","Las Vegas, NV 89146","","http://www.townsendmarine.com"
"5288 Spring Mountain Rd Ste 250","","Dr. Bobby Joe Forsyth, DC","Las Vegas, NV 89146","",""
"2375 S Jones Blvd Ste 17","","Whole Body Health Las Vegas","Las Vegas, NV 89146","",""
"5881 E Charleston Blvd","","Chiropractor Insurance Accepted","Las Vegas, NV 89142","",""
